reference;identifier;polymer_type;polymer_type_style;polymerization_type;SMILES_start;SMILES_end;SMILES_rep_u1;molpercent_rep_u1;SMILES_rep_u2;molpercent_rep_u2;SMILES_rep_u3;molpercent_rep_u3;Mn;PDI;Mw;mass_characterization_method;mass_characterization_method_standard;heating_rate;n_of_heating_cycles;add1;add1_percent;add2;add2_percent;Glass_temperature;2nd_Glass_temperature;tg_def_type;Decomposition temp;td_def_type;Unnamed: 29;Comment;rating
10.3390/polym14030361 ;TSU-075-A;Homo;;RAFT;[*]C(C)(C)(C#N);[*]SC(=S)c1ccccc1;[*]CC[*](C)(C(=O)OC);1,0;;;;;8500,0;1,49;;SEC;PMMA;9,47;3;;;;;90,9;;C;;;;;
10.3390/polym14030361 ;TSU-075-AB;Co;;RAFT;[*]C(C)(C)(C#N);[*]SC(=S)c1ccccc1;[*]CC[*](C)(C(=O)OC);0,5;[*]CC[*](C)(C(=O)OCC);0,5;;;9000,0;1,59;;SEC;PMMA;9,47;3;;;;;72,2;;C;;;;;
10.3390/polym14030361 ;TSU-075-AC;Co;;RAFT;[*]C(C)(C)(C#N);[*]SC(=S)c1ccccc1;[*]CC[*](C)(C(=O)OC);0,5;[*]CC[*](C)(C(=O)OCCO);0,5;;;1200,0;2,3;;SEC;PMMA;9,47;3;;;;;106,2;;C;;;;;
10.3390/polym14030361 ;TSU-075-AD;Co;;RAFT;[*]C(C)(C)(C#N);[*]SC(=S)c1ccccc1;[*]CC[*](C)(C(=O)OC);0,5;[*]CC[*](C)(C(=O)OCCC);0,5;;;12700,0;1,43;;SEC;PMMA;9,47;3;;;;;72,4;;C;;;;;
10.3390/polym14030361 ;TSU-075-AE;Co;;RAFT;[*]C(C)(C)(C#N);[*]SC(=S)c1ccccc1;[*]CC[*](C)(C(=O)OC);0,5;[*]CC[*](C)(C(=O)OC(C)C);0,5;;;11500,0;1,54;;SEC;PMMA;9,47;3;;;;;76,4;;C;;;;;
10.3390/polym14030361 ;TSU-075-AF;Co;;RAFT;[*]C(C)(C)(C#N);[*]SC(=S)c1ccccc1;[*]CC[*](C)(C(=O)OC);0,5;[*]CC[*](C)(C(=O)OCCCC);0,5;;;11100,0;1,62;;SEC;PMMA;9,47;3;;;;;43,7;;C;;;;;
10.3390/polym14030361 ;TSU-131-AG;Co;;RAFT;[*]C(C)(C)(C#N);[*]SC(=S)c1ccccc1;[*]CC[*](C)(C(=O)OC);0,5;[*]CC[*](C)(C(=O)OCC(C)C);0,5;;;12300,0;1,62;;SEC;PMMA;9,47;3;;;;;82,7;;C;;;;;
10.3390/polym14030361 ;TSU-075-AH;Co;;RAFT;[*]C(C)(C)(C#N);[*]SC(=S)c1ccccc1;[*]CC[*](C)(C(=O)OC);0,5;[*]CC[*](C)(C(=O)OC(C)(C)C);0,5;;;14500,0;1,49;;SEC;PMMA;9,47;3;;;;;91,5;;C;;;;;
10.3390/polym14030361 ;TSU-075-AI;Co;;RAFT;[*]C(C)(C)(C#N);[*]SC(=S)c1ccccc1;[*]CC[*](C)(C(=O)OC);0,5;[*]CC[*](C)(C(=O)OC1CCCCC1);0,5;;;7500,0;1,26;;SEC;PMMA;9,47;3;;;;;81,1;;C;;;;;
10.3390/polym14030361 ;TSU-075-AJ;Co;;RAFT;[*]C(C)(C)(C#N);[*]SC(=S)c1ccccc1;[*]CC[*](C)(C(=O)OC);0,5;[*]CC[*](C)(C(=O)OCc1ccccc1);0,5;;;9600,0;1,31;;SEC;PMMA;9,47;3;;;;;45,6;;C;;;;;
10.3390/polym14030361 ;TSU-075-AK;Co;;RAFT;[*]C(C)(C)(C#N);[*]SC(=S)c1ccccc1;[*]CC[*](C)(C(=O)OC);0,5;[*]CC[*](C)(C(=O)Oc1ccccc1);0,5;;;10400,0;1,57;;SEC;PMMA;9,47;3;;;;;98,6;;C;;;;;
10.3390/polym14030361 ;TSU-075-AL;Co;;RAFT;[*]C(C)(C)(C#N);[*]SC(=S)c1ccccc1;[*]CC[*](C)(C(=O)OC);0,5;[*]CC[*](C)(C(=O)OC1C[C@H]2CC[C@]1(C)C2(C)C);0,5;;;15400,0;1,36;;SEC;PMMA;9,47;3;;;;;138,7;;C;;;;;
10.3390/polym14030361 ;TSU-075-AM;Co;;RAFT;[*]C(C)(C)(C#N);[*]SC(=S)c1ccccc1;[*]CC[*](C)(C(=O)OC);0,5;[*]CC[*](C(=O)OC(C)(C)C);0,5;;;7700,0;1,41;;SEC;PMMA;9,47;3;;;;;72,2;;C;;;;;
10.3390/polym14030361 ;TSU-075-AN;Co;;RAFT;[*]C(C)(C)(C#N);[*]SC(=S)c1ccccc1;[*]CC[*](C)(C(=O)OC);0,5;[*]CC[*](C(=O)OC1CCCCC1);0,5;;;6800,0;1,65;;SEC;PMMA;9,47;3;;;;;44,0;;C;;;;;
10.3390/polym14030361 ;TSU-075-AO;Co;;RAFT;[*]C(C)(C)(C#N);[*]SC(=S)c1ccccc1;[*]CC[*](C)(C(=O)OC);0,5;[*]CC[*](C(=O)OC1C[C@H]2CC[C@]1(C)C2(C)C);0,5;;;10400,0;1,36;;SEC;PMMA;9,47;3;;;;;75,6;;C;;;;;
10.3390/polym14030361 ;TSU-075-AP;Co;;RAFT;[*]C(C)(C)(C#N);[*]SC(=S)c1ccccc1;[*]CC[*](C)(C(=O)OC);0,5;[*]CC[*](C(=O)OCCCCCCCCCCCCCCCC);0,5;;;7500,0;2,02;;SEC;PMMA;9,47;3;;;;;;;C;;;;kein Tg gefunden;
10.3390/polym14030361 ;TSU-075-B;Homo;;RAFT;[*]C(C)(C)(C#N);[*]SC(=S)c1ccccc1;[*]CC[*](C)(C(=O)OCC);1,0;;;;;13700,0;1,48;;SEC;PMMA;9,47;3;;;;;43,0;;C;;;;;
10.3390/polym14030361 ;TSU-075-BC;Co;;RAFT;[*]C(C)(C)(C#N);[*]SC(=S)c1ccccc1;[*]CC[*](C)(C(=O)OCC);0,5;[*]CC[*](C)(C(=O)OCCO);0,5;;;14300,0;1,59;;SEC;PMMA;9,47;3;;;;;83,7;;C;;;;;
10.3390/polym14030361 ;TSU-075-BD;Co;;RAFT;[*]C(C)(C)(C#N);[*]SC(=S)c1ccccc1;[*]CC[*](C)(C(=O)OCC);0,5;[*]CC[*](C)(C(=O)OCCC);0,5;;;13800,0;1,37;;SEC;PMMA;9,47;3;;;;;38,1;;C;;;;;
10.3390/polym14030361 ;TSU-075-BE;Co;;RAFT;[*]C(C)(C)(C#N);[*]SC(=S)c1ccccc1;[*]CC[*](C)(C(=O)OCC);0,5;[*]CC[*](C)(C(=O)OC(C)C);0,5;;;11500,0;1,62;;SEC;PMMA;9,47;3;;;;;53,7;;C;;;;;
10.3390/polym14030361 ;TSU-075-BF;Co;;RAFT;[*]C(C)(C)(C#N);[*]SC(=S)c1ccccc1;[*]CC[*](C)(C(=O)OCC);0,5;[*]CC[*](C)(C(=O)OCCCC);0,5;;;13700,0;1,51;;SEC;PMMA;9,47;3;;;;;30,4;;C;;;;;
10.3390/polym14030361 ;TSU-075-BG;Co;;RAFT;[*]C(C)(C)(C#N);[*]SC(=S)c1ccccc1;[*]CC[*](C)(C(=O)OCC);0,5;[*]CC[*](C)(C(=O)OCC(C)C);0,5;;;14500,0;1,44;;SEC;PMMA;9,47;3;;;;;47,5;;C;;;;;
10.3390/polym14030361 ;TSU-075-BH;Co;;RAFT;[*]C(C)(C)(C#N);[*]SC(=S)c1ccccc1;[*]CC[*](C)(C(=O)OCC);0,5;[*]CC[*](C)(C(=O)OC(C)(C)C);0,5;;;11900,0;1,57;;SEC;PMMA;9,47;3;;;;;74,2;;C;;;;;
10.3390/polym14030361 ;TSU-075-BI;Co;;RAFT;[*]C(C)(C)(C#N);[*]SC(=S)c1ccccc1;[*]CC[*](C)(C(=O)OCC);0,5;[*]CC[*](C)(C(=O)OC1CCCCC1);0,5;;;15100,0;1,32;;SEC;PMMA;9,47;3;;;;;69,6;;C;;;;;
10.3390/polym14030361 ;TSU-075-BJ;Co;;RAFT;[*]C(C)(C)(C#N);[*]SC(=S)c1ccccc1;[*]CC[*](C)(C(=O)OCC);0,5;[*]CC[*](C)(C(=O)OCc1ccccc1);0,5;;;14500,0;1,38;;SEC;PMMA;9,47;3;;;;;36,4;;C;;;;;
10.3390/polym14030361 ;TSU-075-BK;Co;;RAFT;[*]C(C)(C)(C#N);[*]SC(=S)c1ccccc1;[*]CC[*](C)(C(=O)OCC);0,5;[*]CC[*](C)(C(=O)Oc1ccccc1);0,5;;;14200,0;1,54;;SEC;PMMA;9,47;3;;;;;82,2;;C;;;;;
10.3390/polym14030361 ;TSU-075-BL;Co;;RAFT;[*]C(C)(C)(C#N);[*]SC(=S)c1ccccc1;[*]CC[*](C)(C(=O)OCC);0,5;[*]CC[*](C)(C(=O)OC1C[C@H]2CC[C@]1(C)C2(C)C);0,5;;;15200,0;1,49;;SEC;PMMA;9,47;3;;;;;93,0;;C;;;;;
10.3390/polym14030361 ;TSU-075-BM;Co;;RAFT;[*]C(C)(C)(C#N);[*]SC(=S)c1ccccc1;[*]CC[*](C)(C(=O)OCC);0,5;[*]CC[*](C(=O)OC(C)(C)C);0,5;;;10500,0;1,36;;SEC;PMMA;9,47;3;;;;;46,5;;C;;;;;
10.3390/polym14030361 ;TSU-075-BN;Co;;RAFT;[*]C(C)(C)(C#N);[*]SC(=S)c1ccccc1;[*]CC[*](C)(C(=O)OCC);0,5;[*]CC[*](C(=O)OC1CCCCC1);0,5;;;6800,0;1,48;;SEC;PMMA;9,47;3;;;;;25,8;;C;;;;;
10.3390/polym14030361 ;TSU-075-BO;Co;;RAFT;[*]C(C)(C)(C#N);[*]SC(=S)c1ccccc1;[*]CC[*](C)(C(=O)OCC);0,5;[*]CC[*](C(=O)OC1C[C@H]2CC[C@]1(C)C2(C)C);0,5;;;9700,0;1,47;;SEC;PMMA;9,47;3;;;;;64,1;;C;;;;;
10.3390/polym14030361 ;TSU-075-BP;Co;;RAFT;[*]C(C)(C)(C#N);[*]SC(=S)c1ccccc1;[*]CC[*](C)(C(=O)OCC);0,5;[*]CC[*](C(=O)OCCCCCCCCCCCCCCCC);0,5;;;8700,0;1,53;;SEC;PMMA;9,47;3;;;;;;;C;;;;kein Tg gefunden;
10.3390/polym14030361 ;TSU-075C;Homo;;RAFT;[*]C(C)(C)(C#N);[*]SC(=S)c1ccccc1;[*]CC[*](C)(C(=O)OCCO);1,0;;;;;;;;SEC;PMMA;9,47;3;;;;;101,8;;C;;;;;
10.3390/polym14030361 ;TSU-075CD;Co;;RAFT;[*]C(C)(C)(C#N);[*]SC(=S)c1ccccc1;[*]CC[*](C)(C(=O)OCCO);0,5;[*]CC[*](C)(C(=O)OCCC);0,5;;;5500,0;1,7;;SEC;PMMA;9,47;3;;;;;97,0;;C;;;;;
10.3390/polym14030361 ;TSU-075CE;Co;;RAFT;[*]C(C)(C)(C#N);[*]SC(=S)c1ccccc1;[*]CC[*](C)(C(=O)OCCO);0,5;[*]CC[*](C)(C(=O)OC(C)C);0,5;;;7300,0;1,58;;SEC;PMMA;9,47;3;;;;;91,6;;C;;;;;
10.3390/polym14030361 ;TSU-075CF;Co;;RAFT;[*]C(C)(C)(C#N);[*]SC(=S)c1ccccc1;[*]CC[*](C)(C(=O)OCCO);0,5;[*]CC[*](C)(C(=O)OCCCC);0,5;;;9000,0;1,61;;SEC;PMMA;9,47;3;;;;;58,2;;C;;;;;
10.3390/polym14030361 ;TSU-075CG;Co;;RAFT;[*]C(C)(C)(C#N);[*]SC(=S)c1ccccc1;[*]CC[*](C)(C(=O)OCCO);0,5;[*]CC[*](C)(C(=O)OCC(C)C);0,5;;;6100,0;1,91;;SEC;PMMA;9,47;3;;;;;85,0;;C;;;;;
10.3390/polym14030361 ;TSU-075CH;Co;;RAFT;[*]C(C)(C)(C#N);[*]SC(=S)c1ccccc1;[*]CC[*](C)(C(=O)OCCO);0,5;[*]CC[*](C)(C(=O)OC(C)(C)C);0,5;;;9400,0;1,54;;SEC;PMMA;9,47;3;;;;;152,8;;C;;;;;
10.3390/polym14030361 ;TSU-075CI;Co;;RAFT;[*]C(C)(C)(C#N);[*]SC(=S)c1ccccc1;[*]CC[*](C)(C(=O)OCCO);0,5;[*]CC[*](C)(C(=O)OC1CCCCC1);0,5;;;9600,0;1,62;;SEC;PMMA;9,47;3;;;;;91,3;;C;;;;;
10.3390/polym14030361 ;TSU-075CJ;Co;;RAFT;[*]C(C)(C)(C#N);[*]SC(=S)c1ccccc1;[*]CC[*](C)(C(=O)OCCO);0,5;[*]CC[*](C)(C(=O)OCc1ccccc1);0,5;;;8100,0;1,64;;SEC;PMMA;9,47;3;;;;;76,4;;C;;;;;
10.3390/polym14030361 ;TSU-075CK;Co;;RAFT;[*]C(C)(C)(C#N);[*]SC(=S)c1ccccc1;[*]CC[*](C)(C(=O)OCCO);0,5;[*]CC[*](C)(C(=O)Oc1ccccc1);0,5;;;4900,0;1,97;;SEC;PMMA;9,47;3;;;;;104,4;;C;;;;;
10.3390/polym14030361 ;TSU-075CL;Co;;RAFT;[*]C(C)(C)(C#N);[*]SC(=S)c1ccccc1;[*]CC[*](C)(C(=O)OCCO);0,5;[*]CC[*](C)(C(=O)OC1C[C@H]2CC[C@]1(C)C2(C)C);0,5;;;13200,0;1,42;;SEC;PMMA;9,47;3;;;;;116,5;;C;;;;;
10.3390/polym14030361 ;TSU-075CM;Co;;RAFT;[*]C(C)(C)(C#N);[*]SC(=S)c1ccccc1;[*]CC[*](C)(C(=O)OCCO);0,5;[*]CC[*](C(=O)OC(C)(C)C);0,5;;;2300,0;1,89;;SEC;PMMA;9,47;3;;;;;75,3;;C;;;;;
10.3390/polym14030361 ;TSU-075CN;Co;;RAFT;[*]C(C)(C)(C#N);[*]SC(=S)c1ccccc1;[*]CC[*](C)(C(=O)OCCO);0,5;[*]CC[*](C(=O)OC1CCCCC1);0,5;;;5600,0;1,79;;SEC;PMMA;9,47;3;;;;;54,3;;C;;;;;
10.3390/polym14030361 ;TSU-075CO;Co;;RAFT;[*]C(C)(C)(C#N);[*]SC(=S)c1ccccc1;[*]CC[*](C)(C(=O)OCCO);0,5;[*]CC[*](C(=O)OC1C[C@H]2CC[C@]1(C)C2(C)C);0,5;;;6400,0;1,75;;SEC;PMMA;9,47;3;;;;;84,1;;C;;;;;
10.3390/polym14030361 ;TSU-075CP;Co;;RAFT;[*]C(C)(C)(C#N);[*]SC(=S)c1ccccc1;[*]CC[*](C)(C(=O)OCCO);0,5;[*]CC[*](C(=O)OCCCCCCCCCCCCCCCC);0,5;;;2500,0;2,29;;SEC;PMMA;9,47;3;;;;;;;C;;;;nicht eindeutig;
10.3390/polym14030361 ;TSU-075D;Homo;;RAFT;[*]C(C)(C)(C#N);[*]SC(=S)c1ccccc1;[*]CC[*](C)(C(=O)OCCC);1,0;;;;;11500,0;1,67;;SEC;PMMA;9,47;3;;;;;32,6;;C;;;;;
10.3390/polym14030361 ;TSU-075DE;Co;;RAFT;[*]C(C)(C)(C#N);[*]SC(=S)c1ccccc1;[*]CC[*](C)(C(=O)OCCC);0,5;[*]CC[*](C)(C(=O)OC(C)C);0,5;;;11900,0;1,56;;SEC;PMMA;9,47;3;;;;;49,0;;C;;;;;
10.3390/polym14030361 ;TSU-075DF;Co;;RAFT;[*]C(C)(C)(C#N);[*]SC(=S)c1ccccc1;[*]CC[*](C)(C(=O)OCCC);0,5;[*]CC[*](C)(C(=O)OCCCC);0,5;;;13700,0;1,58;;SEC;PMMA;9,47;3;;;;;;;C;;;;zu wenig Substanz;
10.3390/polym14030361 ;TSU-075DG;Co;;RAFT;[*]C(C)(C)(C#N);[*]SC(=S)c1ccccc1;[*]CC[*](C)(C(=O)OCCC);0,5;[*]CC[*](C)(C(=O)OCC(C)C);0,5;;;15200,0;1,61;;SEC;PMMA;9,47;3;;;;;43,8;;C;;;;;
10.3390/polym14030361 ;TSU-075DH;Co;;RAFT;[*]C(C)(C)(C#N);[*]SC(=S)c1ccccc1;[*]CC[*](C)(C(=O)OCCC);0,5;[*]CC[*](C)(C(=O)OC(C)(C)C);0,5;;;14900,0;1,39;;SEC;PMMA;9,47;3;;;;;63,7;;C;;;;;
10.3390/polym14030361 ;TSU-075DI;Co;;RAFT;[*]C(C)(C)(C#N);[*]SC(=S)c1ccccc1;[*]CC[*](C)(C(=O)OCCC);0,5;[*]CC[*](C)(C(=O)OC1CCCCC1);0,5;;;12700,0;1,52;;SEC;PMMA;9,47;3;;;;;47,1;;C;;;;;
10.3390/polym14030361 ;TSU-075DJ;Co;;RAFT;[*]C(C)(C)(C#N);[*]SC(=S)c1ccccc1;[*]CC[*](C)(C(=O)OCCC);0,5;[*]CC[*](C)(C(=O)OCc1ccccc1);0,5;;;13700,0;1,4;;SEC;PMMA;9,47;3;;;;;45,4;;C;;;;;
10.3390/polym14030361 ;TSU-075DK;Co;;RAFT;[*]C(C)(C)(C#N);[*]SC(=S)c1ccccc1;[*]CC[*](C)(C(=O)OCCC);0,5;[*]CC[*](C)(C(=O)Oc1ccccc1);0,5;;;15000,0;1,53;;SEC;PMMA;9,47;3;;;;;74,4;;C;;;;;
10.3390/polym14030361 ;TSU-075DL;Co;;RAFT;[*]C(C)(C)(C#N);[*]SC(=S)c1ccccc1;[*]CC[*](C)(C(=O)OCCC);0,5;[*]CC[*](C)(C(=O)OC1C[C@H]2CC[C@]1(C)C2(C)C);0,5;;;13500,0;1,54;;SEC;PMMA;9,47;3;;;;;96,9;;C;;;;;
10.3390/polym14030361 ;TSU-075DM;Co;;RAFT;[*]C(C)(C)(C#N);[*]SC(=S)c1ccccc1;[*]CC[*](C)(C(=O)OCCC);0,5;[*]CC[*](C(=O)OC(C)(C)C);0,5;;;9000,0;1,61;;SEC;PMMA;9,47;3;;;;;28,1;;C;;;;;
10.3390/polym14030361 ;TSU-131DN;Co;;RAFT;[*]C(C)(C)(C#N);[*]SC(=S)c1ccccc1;[*]CC[*](C)(C(=O)OCCC);0,5;[*]CC[*](C(=O)OC1CCCCC1);0,5;;;6300,0;1,88;;SEC;PMMA;9,47;3;;;;;30,6;;C;;;;;
10.3390/polym14030361 ;TSU-075DO;Co;;RAFT;[*]C(C)(C)(C#N);[*]SC(=S)c1ccccc1;[*]CC[*](C)(C(=O)OCCC);0,5;[*]CC[*](C(=O)OC1C[C@H]2CC[C@]1(C)C2(C)C);0,5;;;7100,0;1,96;;SEC;PMMA;9,47;3;;;;;49,9;;C;;;;;
10.3390/polym14030361 ;TSU-075DP;Co;;RAFT;[*]C(C)(C)(C#N);[*]SC(=S)c1ccccc1;[*]CC[*](C)(C(=O)OCCC);0,5;[*]CC[*](C(=O)OCCCCCCCCCCCCCCCC);0,5;;;11300,0;1,57;;SEC;PMMA;9,47;3;;;;;;;C;;;;Zu wenig Substanz;
10.3390/polym14030361 ;TSU-075E;Homo;;RAFT;[*]C(C)(C)(C#N);[*]SC(=S)c1ccccc1;[*]CC[*](C)(C(=O)OC(C)C);1,0;;;;;12400,0;1,45;;SEC;PMMA;9,47;3;;;;;60,5;;C;;;;;
10.3390/polym14030361 ;TSU-075EF;Co;;RAFT;[*]C(C)(C)(C#N);[*]SC(=S)c1ccccc1;[*]CC[*](C)(C(=O)OC(C)C);0,5;[*]CC[*](C)(C(=O)OCCCC);0,5;;;14500,0;1,45;;SEC;PMMA;9,47;3;;;;;;;C;;;;nicht eindeutig;
10.3390/polym14030361 ;TSU-075EG;Co;;RAFT;[*]C(C)(C)(C#N);[*]SC(=S)c1ccccc1;[*]CC[*](C)(C(=O)OC(C)C);0,5;[*]CC[*](C)(C(=O)OCC(C)C);0,5;;;14800,0;1,55;;SEC;PMMA;9,47;3;;;;;56,8;;C;;;;;
10.3390/polym14030361 ;TSU-075EH;Co;;RAFT;[*]C(C)(C)(C#N);[*]SC(=S)c1ccccc1;[*]CC[*](C)(C(=O)OC(C)C);0,5;[*]CC[*](C)(C(=O)OC(C)(C)C);0,5;;;15200,0;1,46;;SEC;PMMA;9,47;3;;;;;77,7;;C;;;;;
10.3390/polym14030361 ;TSU-075EI;Co;;RAFT;[*]C(C)(C)(C#N);[*]SC(=S)c1ccccc1;[*]CC[*](C)(C(=O)OC(C)C);0,5;[*]CC[*](C)(C(=O)OC1CCCCC1);0,5;;;14400,0;1,38;;SEC;PMMA;9,47;3;;;;;64,5;;C;;;;;
10.3390/polym14030361 ;TSU-075EJ;Co;;RAFT;[*]C(C)(C)(C#N);[*]SC(=S)c1ccccc1;[*]CC[*](C)(C(=O)OC(C)C);0,5;[*]CC[*](C)(C(=O)OCc1ccccc1);0,5;;;14800,0;1,39;;SEC;PMMA;9,47;3;;;;;50,8;;C;;;;Schmelzpunkt 86.2;
10.3390/polym14030361 ;TSU-075EK;Co;;RAFT;[*]C(C)(C)(C#N);[*]SC(=S)c1ccccc1;[*]CC[*](C)(C(=O)OC(C)C);0,5;[*]CC[*](C)(C(=O)Oc1ccccc1);0,5;;;13800,0;1,54;;SEC;PMMA;9,47;3;;;;;81,8;;C;;;;;
10.3390/polym14030361 ;TSU-075EL;Co;;RAFT;[*]C(C)(C)(C#N);[*]SC(=S)c1ccccc1;[*]CC[*](C)(C(=O)OC(C)C);0,5;[*]CC[*](C)(C(=O)OC1C[C@H]2CC[C@]1(C)C2(C)C);0,5;;;14200,0;1,44;;SEC;PMMA;9,47;3;;;;;105,1;;C;;;;;
10.3390/polym14030361 ;TSU-075EM;Co;;RAFT;[*]C(C)(C)(C#N);[*]SC(=S)c1ccccc1;[*]CC[*](C)(C(=O)OC(C)C);0,5;[*]CC[*](C(=O)OC(C)(C)C);0,5;;;8700,0;1,4;;SEC;PMMA;9,47;3;;;;;53,1;;C;;;;;
10.3390/polym14030361 ;TSU-075EN;Co;;RAFT;[*]C(C)(C)(C#N);[*]SC(=S)c1ccccc1;[*]CC[*](C)(C(=O)OC(C)C);0,5;[*]CC[*](C(=O)OC1CCCCC1);0,5;;;11500,0;1,41;;SEC;PMMA;9,47;3;;;;;50,0;;C;;;;;
10.3390/polym14030361 ;TSU-075EO;Co;;RAFT;[*]C(C)(C)(C#N);[*]SC(=S)c1ccccc1;[*]CC[*](C)(C(=O)OC(C)C);0,5;[*]CC[*](C(=O)OC1C[C@H]2CC[C@]1(C)C2(C)C);0,5;;;11700,0;1,43;;SEC;PMMA;9,47;3;;;;;83,1;;C;;;;;
10.3390/polym14030361 ;TSU-075EP;Co;;RAFT;[*]C(C)(C)(C#N);[*]SC(=S)c1ccccc1;[*]CC[*](C)(C(=O)OC(C)C);0,5;[*]CC[*](C(=O)OCCCCCCCCCCCCCCCC);0,5;;;7400,0;1,88;;SEC;PMMA;9,47;3;;;;;;;C;;;;kein Tg gefunden;
10.3390/polym14030361 ;TSU-075F;Homo;;RAFT;[*]C(C)(C)(C#N);[*]SC(=S)c1ccccc1;[*]CC[*](C)(C(=O)OCCCC);1,0;;;;;13300,0;1,46;;SEC;PMMA;9,47;3;;;;;10,2;;C;;;;;
10.3390/polym14030361 ;TSU-075FG;Co;;RAFT;[*]C(C)(C)(C#N);[*]SC(=S)c1ccccc1;[*]CC[*](C)(C(=O)OCCCC);0,5;[*]CC[*](C)(C(=O)OCC(C)C);0,5;;;13700,0;1,44;;SEC;PMMA;9,47;3;;;;;38,9;;C;;;;;
10.3390/polym14030361 ;TSU-075FH;Co;;RAFT;[*]C(C)(C)(C#N);[*]SC(=S)c1ccccc1;[*]CC[*](C)(C(=O)OCCCC);0,5;[*]CC[*](C)(C(=O)OC(C)(C)C);0,5;;;13200,0;1,51;;SEC;PMMA;9,47;3;;;;;77,9;;C;;;;;
10.3390/polym14030361 ;TSU-075FI;Co;;RAFT;[*]C(C)(C)(C#N);[*]SC(=S)c1ccccc1;[*]CC[*](C)(C(=O)OCCCC);0,5;[*]CC[*](C)(C(=O)OC1CCCCC1);0,5;;;13500,0;2,29;;SEC;PMMA;9,47;3;;;;;38,1;;C;;;;;
10.3390/polym14030361 ;TSU-075FJ;Co;;RAFT;[*]C(C)(C)(C#N);[*]SC(=S)c1ccccc1;[*]CC[*](C)(C(=O)OCCCC);0,5;[*]CC[*](C)(C(=O)OCc1ccccc1);0,5;;;13400,0;1,63;;SEC;PMMA;9,47;3;;;;;32,1;;C;;;;;
10.3390/polym14030361 ;TSU-075FK;Co;;RAFT;[*]C(C)(C)(C#N);[*]SC(=S)c1ccccc1;[*]CC[*](C)(C(=O)OCCCC);0,5;[*]CC[*](C)(C(=O)Oc1ccccc1);0,5;;;18100,0;1,4;;SEC;PMMA;9,47;3;;;;;66,1;;C;;;;;
10.3390/polym14030361 ;TSU-075FL;Co;;RAFT;[*]C(C)(C)(C#N);[*]SC(=S)c1ccccc1;[*]CC[*](C)(C(=O)OCCCC);0,5;[*]CC[*](C)(C(=O)OC1C[C@H]2CC[C@]1(C)C2(C)C);0,5;;;15000,0;1,43;;SEC;PMMA;9,47;3;;;;;91,1;;C;;;;;
10.3390/polym14030361 ;TSU-075FM;Co;;RAFT;[*]C(C)(C)(C#N);[*]SC(=S)c1ccccc1;[*]CC[*](C)(C(=O)OCCCC);0,5;[*]CC[*](C(=O)OC(C)(C)C);0,5;;;8300,0;1,49;;SEC;PMMA;9,47;3;;;;;;;C;;;;zu wenig Substanz;
10.3390/polym14030361 ;TSU-075FN;Co;;RAFT;[*]C(C)(C)(C#N);[*]SC(=S)c1ccccc1;[*]CC[*](C)(C(=O)OCCCC);0,5;[*]CC[*](C(=O)OC1CCCCC1);0,5;;;9800,0;1,41;;SEC;PMMA;9,47;3;;;;;12,2;;C;;;;;
10.3390/polym14030361 ;TSU-075FO;Co;;RAFT;[*]C(C)(C)(C#N);[*]SC(=S)c1ccccc1;[*]CC[*](C)(C(=O)OCCCC);0,5;[*]CC[*](C(=O)OC1C[C@H]2CC[C@]1(C)C2(C)C);0,5;;;10800,0;1,42;;SEC;PMMA;9,47;3;;;;;38,4;;C;;;;;
10.3390/polym14030361 ;TSU-075FP;Co;;RAFT;[*]C(C)(C)(C#N);[*]SC(=S)c1ccccc1;[*]CC[*](C)(C(=O)OCCCC);0,5;[*]CC[*](C(=O)OCCCCCCCCCCCCCCCC);0,5;;;12900,0;1,47;;SEC;PMMA;9,47;3;;;;;;;C;;;;Schmelzpunkt 8.8;
10.3390/polym14030361 ;TSU-075G;Homo;;RAFT;[*]C(C)(C)(C#N);[*]SC(=S)c1ccccc1;[*]CC[*](C)(C(=O)OCC(C)C);1,0;;;;;13600,0;1,42;;SEC;PMMA;9,47;3;;;;;42,5;;C;;;;;
10.3390/polym14030361 ;TSU-075GH;Co;;RAFT;[*]C(C)(C)(C#N);[*]SC(=S)c1ccccc1;[*]CC[*](C)(C(=O)OCC(C)C);0,5;[*]CC[*](C)(C(=O)OC(C)(C)C);0,5;;;12500,0;1,67;;SEC;PMMA;9,47;3;;;;;65,6;;C;;;;;
10.3390/polym14030361 ;TSU-075GI;Co;;RAFT;[*]C(C)(C)(C#N);[*]SC(=S)c1ccccc1;[*]CC[*](C)(C(=O)OCC(C)C);0,5;[*]CC[*](C)(C(=O)OC1CCCCC1);0,5;;;14900,0;1,42;;SEC;PMMA;9,47;3;;;;;67,2;;C;;;;;
10.3390/polym14030361 ;TSU-075GJ;Co;;RAFT;[*]C(C)(C)(C#N);[*]SC(=S)c1ccccc1;[*]CC[*](C)(C(=O)OCC(C)C);0,5;[*]CC[*](C)(C(=O)OCc1ccccc1);0,5;;;8900,0;1,37;;SEC;PMMA;9,47;3;;;;;45,9;;C;;;;;
10.3390/polym14030361 ;TSU-075GK;Co;;RAFT;[*]C(C)(C)(C#N);[*]SC(=S)c1ccccc1;[*]CC[*](C)(C(=O)OCC(C)C);0,5;[*]CC[*](C)(C(=O)Oc1ccccc1);0,5;;;16900,0;1,46;;SEC;PMMA;9,47;3;;;;;80,0;;C;;;;;
10.3390/polym14030361 ;TSU-075GL;Co;;RAFT;[*]C(C)(C)(C#N);[*]SC(=S)c1ccccc1;[*]CC[*](C)(C(=O)OCC(C)C);0,5;[*]CC[*](C)(C(=O)OC1C[C@H]2CC[C@]1(C)C2(C)C);0,5;;;16000,0;1,34;;SEC;PMMA;9,47;3;;;;;111,5;;C;;;;;
10.3390/polym14030361 ;TSU-075GM;Co;;RAFT;[*]C(C)(C)(C#N);[*]SC(=S)c1ccccc1;[*]CC[*](C)(C(=O)OCC(C)C);0,5;[*]CC[*](C(=O)OC(C)(C)C);0,5;;;9600,0;1,36;;SEC;PMMA;9,47;3;;;;;40,6;;C;;;;;
10.3390/polym14030361 ;TSU-075GN;Co;;RAFT;[*]C(C)(C)(C#N);[*]SC(=S)c1ccccc1;[*]CC[*](C)(C(=O)OCC(C)C);0,5;[*]CC[*](C(=O)OC1CCCCC1);0,5;;;13900,0;1,4;;SEC;PMMA;9,47;3;;;;;;;C;;;;zu wenig Substanz;
10.3390/polym14030361 ;TSU-075GO;Co;;RAFT;[*]C(C)(C)(C#N);[*]SC(=S)c1ccccc1;[*]CC[*](C)(C(=O)OCC(C)C);0,5;[*]CC[*](C(=O)OC1C[C@H]2CC[C@]1(C)C2(C)C);0,5;;;12200,0;1,37;;SEC;PMMA;9,47;3;;;;;67,6;;C;;;;;
10.3390/polym14030361 ;TSU-075GP;Co;;RAFT;[*]C(C)(C)(C#N);[*]SC(=S)c1ccccc1;[*]CC[*](C)(C(=O)OCC(C)C);0,5;[*]CC[*](C(=O)OCCCCCCCCCCCCCCCC);0,5;;;10200,0;1,76;;SEC;PMMA;9,47;3;;;;;-17,5;;C;;;;2. Zyklus trotzdem gut;
10.3390/polym14030361 ;TSU-075H;Homo;;RAFT;[*]C(C)(C)(C#N);[*]SC(=S)c1ccccc1;[*]CC[*](C)(C(=O)OC(C)(C)C);1,0;;;;;13000,0;1,45;;SEC;PMMA;9,47;3;;;;;;;C;;;;kein Tg gefunden;
10.3390/polym14030361 ;TSU-075HI;Co;;RAFT;[*]C(C)(C)(C#N);[*]SC(=S)c1ccccc1;[*]CC[*](C)(C(=O)OC(C)(C)C);0,5;[*]CC[*](C)(C(=O)OC1CCCCC1);0,5;;;13900,0;1,47;;SEC;PMMA;9,47;3;;;;;88,8;;C;;;;;
10.3390/polym14030361 ;TSU-075HJ;Co;;RAFT;[*]C(C)(C)(C#N);[*]SC(=S)c1ccccc1;[*]CC[*](C)(C(=O)OC(C)(C)C);0,5;[*]CC[*](C)(C(=O)OCc1ccccc1);0,5;;;4400,0;1,17;;SEC;PMMA;9,47;3;;;;;49,4;;C;;;;;
10.3390/polym14030361 ;TSU-075HK;Co;;RAFT;[*]C(C)(C)(C#N);[*]SC(=S)c1ccccc1;[*]CC[*](C)(C(=O)OC(C)(C)C);0,5;[*]CC[*](C)(C(=O)Oc1ccccc1);0,5;;;16500,0;1,49;;SEC;PMMA;9,47;3;;;;;93,3;;C;;;;;
10.3390/polym14030361 ;TSU-075HL;Co;;RAFT;[*]C(C)(C)(C#N);[*]SC(=S)c1ccccc1;[*]CC[*](C)(C(=O)OC(C)(C)C);0,5;[*]CC[*](C)(C(=O)OC1C[C@H]2CC[C@]1(C)C2(C)C);0,5;;;11400,0;1,69;;SEC;PMMA;9,47;3;;;;;163,5;;C;;;;;
10.3390/polym14030361 ;TSU-075HM;Co;;RAFT;[*]C(C)(C)(C#N);[*]SC(=S)c1ccccc1;[*]CC[*](C)(C(=O)OC(C)(C)C);0,5;[*]CC[*](C(=O)OC(C)(C)C);0,5;;;11100,0;1,35;;SEC;PMMA;9,47;3;;;;;83,5;;C;;;;;
10.3390/polym14030361 ;TSU-075HN;Co;;RAFT;[*]C(C)(C)(C#N);[*]SC(=S)c1ccccc1;[*]CC[*](C)(C(=O)OC(C)(C)C);0,5;[*]CC[*](C(=O)OC1CCCCC1);0,5;;;10200,0;1,58;;SEC;PMMA;9,47;3;;;;;70,3;;C;;;;schwierig zu bestimmen;
10.3390/polym14030361 ;TSU-075HO;Co;;RAFT;[*]C(C)(C)(C#N);[*]SC(=S)c1ccccc1;[*]CC[*](C)(C(=O)OC(C)(C)C);0,5;[*]CC[*](C(=O)OC1C[C@H]2CC[C@]1(C)C2(C)C);0,5;;;8000,0;1,81;;SEC;PMMA;9,47;3;;;;;113,2;;C;;;;;
10.3390/polym14030361 ;TSU-075HP;Co;;RAFT;[*]C(C)(C)(C#N);[*]SC(=S)c1ccccc1;[*]CC[*](C)(C(=O)OC(C)(C)C);0,5;[*]CC[*](C(=O)OCCCCCCCCCCCCCCCC);0,5;;;14300,0;1,44;;SEC;PMMA;9,47;3;;;;;;;C;;;;kein Tg gefunden;
10.3390/polym14030361 ;TSU-075I;Homo;;RAFT;[*]C(C)(C)(C#N);[*]SC(=S)c1ccccc1;[*]CC[*](C)(C(=O)OC1CCCCC1);1,0;;;;;19900,0;1,26;;SEC;PMMA;9,47;3;;;;;104,5;;C;;;;;
10.3390/polym14030361 ;TSU-075IJ;Co;;RAFT;[*]C(C)(C)(C#N);[*]SC(=S)c1ccccc1;[*]CC[*](C)(C(=O)OC1CCCCC1);0,5;[*]CC[*](C)(C(=O)OCc1ccccc1);0,5;;;16000,0;1,36;;SEC;PMMA;9,47;3;;;;;61,0;;C;;;;;
10.3390/polym14030361 ;TSU-075IK;Co;;RAFT;[*]C(C)(C)(C#N);[*]SC(=S)c1ccccc1;[*]CC[*](C)(C(=O)OC1CCCCC1);0,5;[*]CC[*](C)(C(=O)Oc1ccccc1);0,5;;;16700,0;1,5;;SEC;PMMA;9,47;3;;;;;91,3;;C;;;;;
10.3390/polym14030361 ;TSU-075IL_1;Co;;RAFT;[*]C(C)(C)(C#N);[*]SC(=S)c1ccccc1;[*]CC[*](C)(C(=O)OC1CCCCC1);0,5;[*]CC[*](C)(C(=O)OC1C[C@H]2CC[C@]1(C)C2(C)C);0,5;;;17100,0;1,42;;SEC;PMMA;9,47;3;;;;;125,8;;C;;;;;
10.3390/polym14030361 ;TSU-075IM;Co;;RAFT;[*]C(C)(C)(C#N);[*]SC(=S)c1ccccc1;[*]CC[*](C)(C(=O)OC1CCCCC1);0,5;[*]CC[*](C(=O)OC(C)(C)C);0,5;;;9900,0;1,68;;SEC;PMMA;9,47;3;;;;;73,7;;C;;;;;
10.3390/polym14030361 ;TSU-075IN;Co;;RAFT;[*]C(C)(C)(C#N);[*]SC(=S)c1ccccc1;[*]CC[*](C)(C(=O)OC1CCCCC1);0,5;[*]CC[*](C(=O)OC1CCCCC1);0,5;;;8600,0;1,74;;SEC;PMMA;9,47;3;;;;;48,0;;C;;;;;
10.3390/polym14030361 ;TSU-075IO;Co;;RAFT;[*]C(C)(C)(C#N);[*]SC(=S)c1ccccc1;[*]CC[*](C)(C(=O)OC1CCCCC1);0,5;[*]CC[*](C(=O)OC1C[C@H]2CC[C@]1(C)C2(C)C);0,5;;;15800,0;1,4;;SEC;PMMA;9,47;3;;;;;83,6;;C;;;;;
10.3390/polym14030361 ;TSU-075IP;Co;;RAFT;[*]C(C)(C)(C#N);[*]SC(=S)c1ccccc1;[*]CC[*](C)(C(=O)OC1CCCCC1);0,5;[*]CC[*](C(=O)OCCCCCCCCCCCCCCCC);0,5;;;16300,0;1,56;;SEC;PMMA;9,47;3;;;;;;;C;;;;zu wenig Substanz;
10.3390/polym14030361 ;TSU-075J;Homo;;RAFT;[*]C(C)(C)(C#N);[*]SC(=S)c1ccccc1;[*]CC[*](C)(C(=O)OCc1ccccc1);1,0;;;;;15200,0;1,44;;SEC;PMMA;9,47;3;;;;;63,0;;C;;;;;
10.3390/polym14030361 ;TSU-075JK;Co;;RAFT;[*]C(C)(C)(C#N);[*]SC(=S)c1ccccc1;[*]CC[*](C)(C(=O)OCc1ccccc1);0,5;[*]CC[*](C)(C(=O)Oc1ccccc1);0,5;;;19600,0;1,6;;SEC;PMMA;9,47;3;;;;;79,9;;C;;;;;
10.3390/polym14030361 ;TSU-075JL;Co;;RAFT;[*]C(C)(C)(C#N);[*]SC(=S)c1ccccc1;[*]CC[*](C)(C(=O)OCc1ccccc1);0,5;[*]CC[*](C)(C(=O)OC1C[C@H]2CC[C@]1(C)C2(C)C);0,5;;;14200,0;1,55;;SEC;PMMA;9,47;3;;;;;96,8;;C;;;;;
10.3390/polym14030361 ;TSU-075JM;Co;;RAFT;[*]C(C)(C)(C#N);[*]SC(=S)c1ccccc1;[*]CC[*](C)(C(=O)OCc1ccccc1);0,5;[*]CC[*](C(=O)OC(C)(C)C);0,5;;;7700,0;1,54;;SEC;PMMA;9,47;3;;;;;47,9;;C;;;;;
10.3390/polym14030361 ;TSU-075JN;Co;;RAFT;[*]C(C)(C)(C#N);[*]SC(=S)c1ccccc1;[*]CC[*](C)(C(=O)OCc1ccccc1);0,5;[*]CC[*](C(=O)OC1CCCCC1);0,5;;;11400,0;1,37;;SEC;PMMA;9,47;3;;;;;44,8;;C;;;;;
10.3390/polym14030361 ;TSU-075JO;Co;;RAFT;[*]C(C)(C)(C#N);[*]SC(=S)c1ccccc1;[*]CC[*](C)(C(=O)OCc1ccccc1);0,5;[*]CC[*](C(=O)OC1C[C@H]2CC[C@]1(C)C2(C)C);0,5;;;11900,0;1,55;;SEC;PMMA;9,47;3;;;;;57,1;;C;;;;;
10.3390/polym14030361 ;TSU-075JP;Co;;RAFT;[*]C(C)(C)(C#N);[*]SC(=S)c1ccccc1;[*]CC[*](C)(C(=O)OCc1ccccc1);0,5;[*]CC[*](C(=O)OCCCCCCCCCCCCCCCC);0,5;;;14000,0;1,59;;SEC;PMMA;9,47;3;;;;;0,2;;C;;;;schwierig zu bestimmen;
10.3390/polym14030361 ;TSU-075K;Homo;;RAFT;[*]C(C)(C)(C#N);[*]SC(=S)c1ccccc1;[*]CC[*](C)(C(=O)Oc1ccccc1);1,0;;;;;17100,0;1,42;;SEC;PMMA;9,47;3;;;;;118,6;;C;;;;;
10.3390/polym14030361 ;TSU-075KL;Co;;RAFT;[*]C(C)(C)(C#N);[*]SC(=S)c1ccccc1;[*]CC[*](C)(C(=O)Oc1ccccc1);0,5;[*]CC[*](C)(C(=O)OC1C[C@H]2CC[C@]1(C)C2(C)C);0,5;;;14300,0;1,61;;SEC;PMMA;9,47;3;;;;;122,2;;C;;;;;
10.3390/polym14030361 ;TSU-075KM;Co;;RAFT;[*]C(C)(C)(C#N);[*]SC(=S)c1ccccc1;[*]CC[*](C)(C(=O)Oc1ccccc1);0,5;[*]CC[*](C(=O)OC(C)(C)C);0,5;;;9800,0;1,47;;SEC;PMMA;9,47;3;;;;;96,2;;C;;;;;
10.3390/polym14030361 ;TSU-075KN;Co;;RAFT;[*]C(C)(C)(C#N);[*]SC(=S)c1ccccc1;[*]CC[*](C)(C(=O)Oc1ccccc1);0,5;[*]CC[*](C(=O)OC1CCCCC1);0,5;;;9600,0;1,96;;SEC;PMMA;9,47;3;;;;;84,2;;C;;;;;
10.3390/polym14030361 ;TSU-075KO;Co;;RAFT;[*]C(C)(C)(C#N);[*]SC(=S)c1ccccc1;[*]CC[*](C)(C(=O)Oc1ccccc1);0,5;[*]CC[*](C(=O)OC1C[C@H]2CC[C@]1(C)C2(C)C);0,5;;;11400,0;1,65;;SEC;PMMA;9,47;3;;;;;100,9;;C;;;;;
10.3390/polym14030361 ;TSU-075KP;Co;;RAFT;[*]C(C)(C)(C#N);[*]SC(=S)c1ccccc1;[*]CC[*](C)(C(=O)Oc1ccccc1);0,5;[*]CC[*](C(=O)OCCCCCCCCCCCCCCCC);0,5;;;14400,0;1,5;;SEC;PMMA;9,47;3;;;;;16,4;;C;;;;2. Zyklus trotzdem gut;
10.3390/polym14030361 ;TSU-075L;Homo;;RAFT;[*]C(C)(C)(C#N);[*]SC(=S)c1ccccc1;[*]CC[*](C)(C(=O)OC1C[C@H]2CC[C@]1(C)C2(C)C);1,0;;;;;16700,0;1,56;;SEC;PMMA;9,47;3;;;;;;;C;;;;kein Tg gefunden;
10.3390/polym14030361 ;TSU-075LM;Co;;RAFT;[*]C(C)(C)(C#N);[*]SC(=S)c1ccccc1;[*]CC[*](C)(C(=O)OC1C[C@H]2CC[C@]1(C)C2(C)C);0,5;[*]CC[*](C(=O)OC(C)(C)C);0,5;;;9400,0;1,73;;SEC;PMMA;9,47;3;;;;;133,1;;C;;;;;
10.3390/polym14030361 ;TSU-075LN;Co;;RAFT;[*]C(C)(C)(C#N);[*]SC(=S)c1ccccc1;[*]CC[*](C)(C(=O)OC1C[C@H]2CC[C@]1(C)C2(C)C);0,5;[*]CC[*](C(=O)OC1CCCCC1);0,5;;;12700,0;1,46;;SEC;PMMA;9,47;3;;;;;107,9;;C;;;;;
10.3390/polym14030361 ;TSU-075LO;Co;;RAFT;[*]C(C)(C)(C#N);[*]SC(=S)c1ccccc1;[*]CC[*](C)(C(=O)OC1C[C@H]2CC[C@]1(C)C2(C)C);0,5;[*]CC[*](C(=O)OC1C[C@H]2CC[C@]1(C)C2(C)C);0,5;;;14400,0;1,5;;SEC;PMMA;9,47;3;;;;;145,9;;C;;;;;
10.3390/polym14030361 ;TSU-075LP;Co;;RAFT;[*]C(C)(C)(C#N);[*]SC(=S)c1ccccc1;[*]CC[*](C)(C(=O)OC1C[C@H]2CC[C@]1(C)C2(C)C);0,5;[*]CC[*](C(=O)OCCCCCCCCCCCCCCCC);0,5;;;16100,0;1,65;;SEC;PMMA;9,47;3;;;;;;;C;;;;zu wenig Substanz;
10.3390/polym14030361 ;TSU-075M;Homo;;RAFT;[*]C(C)(C)(C#N);[*]SC(=S)c1ccccc1;[*]CC[*](C(=O)OC(C)(C)C);1,0;;;;;12700,0;1,46;;SEC;PMMA;9,47;3;;;;;42,9;;C;;;;;
10.3390/polym14030361 ;TSU-075MN;Co;;RAFT;[*]C(C)(C)(C#N);[*]SC(=S)c1ccccc1;[*]CC[*](C(=O)OC(C)(C)C);0,5;[*]CC[*](C(=O)OC1CCCCC1);0,5;;;7000,0;1,55;;SEC;PMMA;9,47;3;;;;;32,1;;C;;;;;
10.3390/polym14030361 ;TSU-075MO;Co;;RAFT;[*]C(C)(C)(C#N);[*]SC(=S)c1ccccc1;[*]CC[*](C(=O)OC(C)(C)C);0,5;[*]CC[*](C(=O)OC1C[C@H]2CC[C@]1(C)C2(C)C);0,5;;;9600,0;1,81;;SEC;PMMA;9,47;3;;;;;66,8;;C;;;;;
10.3390/polym14030361 ;TSU-075MP;Co;;RAFT;[*]C(C)(C)(C#N);[*]SC(=S)c1ccccc1;[*]CC[*](C(=O)OC(C)(C)C);0,5;[*]CC[*](C(=O)OCCCCCCCCCCCCCCCC);0,5;;;19400,0;1,72;;SEC;PMMA;9,47;3;;;;;;;C;;;;zu wenig Substanz;
10.3390/polym14030361 ;TSU-075N;Homo;;RAFT;[*]C(C)(C)(C#N);[*]SC(=S)c1ccccc1;[*]CC[*](C(=O)OC1CCCCC1);1,0;;;;;12600,0;1,51;;SEC;PMMA;9,47;3;;;;;10,7;;C;;;;;
10.3390/polym14030361 ;TSU-075NO;Co;;RAFT;[*]C(C)(C)(C#N);[*]SC(=S)c1ccccc1;[*]CC[*](C(=O)OC1CCCCC1);0,5;[*]CC[*](C(=O)OC1C[C@H]2CC[C@]1(C)C2(C)C);0,5;;;9600,0;1,79;;SEC;PMMA;9,47;3;;;;;50,4;;C;;;;;
10.3390/polym14030361 ;TSU-075NP;Co;;RAFT;[*]C(C)(C)(C#N);[*]SC(=S)c1ccccc1;[*]CC[*](C(=O)OC1CCCCC1);0,5;[*]CC[*](C(=O)OCCCCCCCCCCCCCCCC);0,5;;;17900,0;1,64;;SEC;PMMA;9,47;3;;;;;;;C;;;;nicht auswertbar;
10.3390/polym14030361 ;TSU-075O;Homo;;RAFT;[*]C(C)(C)(C#N);[*]SC(=S)c1ccccc1;[*]CC[*](C(=O)OC1C[C@H]2CC[C@]1(C)C2(C)C);1,0;;;;;17500,0;1,93;;SEC;PMMA;9,47;3;;;;;105,5;;C;;;;;
10.3390/polym14030361 ;TSU-075OP;Co;;RAFT;[*]C(C)(C)(C#N);[*]SC(=S)c1ccccc1;[*]CC[*](C(=O)OC1C[C@H]2CC[C@]1(C)C2(C)C);0,5;[*]CC[*](C(=O)OCCCCCCCCCCCCCCCC);0,5;;;16000,0;3,06;;SEC;PMMA;9,47;3;;;;;;;C;;;;Schmelzpunkt 12.0;
10.3390/polym14030361 ;TSU-075P;Homo;;RAFT;[*]C(C)(C)(C#N);[*]SC(=S)c1ccccc1;[*]CC[*](C(=O)OCCCCCCCCCCCCCCCC);1,0;;;;;11900,0;1,26;;SEC;PMMA;9,47;3;;;;;;;C;;;;Schmelzpunkt 35.4;
10.3390/polym12092095;TSU-041;Homo;;RAFT;[*]C(C)(C)(C#N);[*]SC(=S)c1ccccc1;[*]CC[*](C)(C(=O)OC);1,0;;;;;13700,0;1,15;15700,0;SEC;PMMA;9,47;3;;;;;65,4;;C;;;;;
10.1002/advs.202102429;TSU-001;Homo;;RAFT;[*]C(C)(C)(C#N);[*]SC(=S)c1ccccc1;[*]CC[*](C)(C(=O)OC);1,0;;;;;29700,0;1,16;34400,0;SEC;PMMA;9,47;3;;;;;79,0;;C;;;;;
;TSU-099.1;Homo;;RAFT;[*]C(C)(C)(C#N);[*]SC(=S)SCc1ccccc1;[*]CC[*](c1ccccc1);1,0;;;;;5400,0;1,28;6900,0;SEC;PS;9,47;3;;;;;87,4;;C;;;;;
10.3390/polym14020292;TSU-006;Homo;;RAFT;[*]C(C)(C)(C#N);[*]SC(=S)SCc1ccccc1;[*]CC[*](c1ccccc1);1,0;;;;;3500,0;1,09;3900,0;SEC;PS;9,47;3;;;;;68,4;;C;;;;;
;TSU-130c;Homo;;RAFT;[*]C(C)(C)(C#N);[*]SC(=S)SCc1ccccc1;[*]CC[*](c1ccccc1);1,0;;;;;7000,0;1,33;9300,0;SEC;PS;9,47;3;;;;;87,5;;C;;;;;
;TSU-130b;Homo;;RAFT;[*]C(C)(C)(C#N);[*]SC(=S)SCc1ccccc1;[*]CC[*](c1ccccc1);1,0;;;;;3800,0;1,28;4800,0;SEC;PS;9,47;3;;;;;82,2;;C;;;;;
;TSU-132a;Homo;;RAFT;[*]C(C)(C)(C#N);[*]SC(=S)SCc1ccccc1;[*]CC[*](c1ccccc1);1,0;;;;;16300,0;1,57;21800,0;SEC;PS;9,47;3;;;;;89,4;;C;;;;;
;TSU-003;Homo;;RAFT;[*]C(C)(C)(C#N);[*]SC(=S)SCc1ccccc1;[*]CC[*](c1ccccc1);1,0;;;;;6900,0;1,19;8200,0;SEC;PS;9,47;3;;;;;86,0;;C;;;;;
10.1002/advs.202102429;TSU-005;Homo;;RAFT;[*]C(C)(C)(C#N);[*]SC(=S)c1ccccc1;[*]CC[*](C)(C(=O)OC);1,0;;;;;16500,0;1,15;18900,0;SEC;PMMA;9,47;3;;;;;71,2;;C;;;;;
10.3390/polym14030361;TSU-138a;Homo;;RAFT;[*]C(C)(C)(C#N);[*]SC(=S)c1ccccc1;[*]CC[*](C)(C(=O)OC);1,0;;;;;18100,0;1,17;21200,0;SEC;PMMA;9,47;3;;;;;104,7;;C;;;;;
10.3390/polym14030361;TSU-132b;Homo;;RAFT;[*]C(C)(C)(C#N);[*]SC(=S)c1ccccc1;[*]CC[*](C)(C(=O)OCCOCCOCCOCCOCCOCCOCCOCCOCCOCCO);1,0;;;;;10300,0;1,2;12300,0;SEC;PMMA;9,47;3;;;;;;;C;;;;Schmelzpunkt -6.6;
;TSU-130d;Homo;;RAFT;[*]C(C)(C)(C#N);[*]SC(=S)c1ccccc1;[*]CC[*](C)(C(=O)OCCOCCOCCOCCOCCOCCOCCOCCOCCOCCO);1,0;;;;;25200,0;1,44;36400,0;SEC;PMMA;9,47;3;;;;;;;C;;;;Schmelzpunkt -7;
;TSU-130e;Homo;;RAFT;[*]C(C)(C)(C#N);[*]SC(=S)c1ccccc1;[*]CC[*](C)(C(=O)OCCOCCOCCOCCOCCOCCOCCOCCOCCOCCO);1,0;;;;;93800,0;2,14;200000,0;SEC;PMMA;9,47;3;;;;;;;C;;;;Schmelzpunkt -7.6;
;TSU-064;Homo;;free radical polymerization;[*]C(C)(C)(C#N);[*]SC(=S)c1ccccc1;[*]CC[*](C)(C(=O)OC);1,0;;;;;51200,0;1,73;88500,0;SEC;PMMA;9,47;3;;;;;74,4;;C;;;;;
revision;TSU-136;Homo;;RAFT;[*]C(C)(C)(C#N);[*]SC(=S)SCc1ccccc1;[*]CC[*](c1ccccc1);1,0;;;;;30900,0;1,36;42100,0;SEC;PS;9,47;3;;;;;90,3;;C;;;;;
revision;TSU-130a;Homo;;RAFT;[*]C(C)(C)(C#N);[*]SC(=S)c1ccccc1;[*]CC[*](C)(C(=O)OC);1,0;;;;;28400,0;1,31;37200,0;SEC;PMMA;9,47;3;;;;;104,9;;C;;;;;
10.1039/D1PY00256B;NZ-LS-004;Homo;;oxa-Michael polyaddition;C=CS(=O)(=O)CC[*]O;[*];[*]CCS(=O)(=O)CCO[*];1,0;;;;;3750,0;1,49;;SEC;PEG;9,47;3;;;;;13,6;;C;213,0;0,05;;P1 the oxa michael alos have triphenylphphin as starting groups as a mixture;
10.1039/D1PY00256B;NZ-LS-005;Homo;;oxa-Michael polyaddition;C=CS(=O)(=O)CC[*]O;[*];[*]CCS(=O)(=O)CCO[*];1,0;;;;;2750,0;1,4;;SEC;PEG;9,47;3;;;;;14,5;;C;281,0;0,05;;P2 the oxa michael alos have DABCO as starting groups as a mixture;
10.1039/D1PY00256B;NZ-LS-006;Homo;;oxa-Michael polyaddition;C=CS(=O)(=O)CC[*]O;[*];[*]CCS(=O)(=O)CCO[*];1,0;;;;;2750,0;1,41;;SEC;PEG;9,47;3;;;;;10,3;;C;261,0;0,05;;P3 the oxa michael alos have DMAPas starting groups as a mixture;
10.1039/D1PY00256B;NZ-LS-007;Homo;;oxa-Michael polyaddition;C=CS(=O)(=O)CC[*]O;[*];[*]CCS(=O)(=O)CCO[*];1,0;;;;;3120,0;1,4;;SEC;PEG;9,47;3;;;;;21,7;;C;217,0;0,05;;P4 the oxa michael alos have DBU as starting groups as a mixture;
10.1039/D1PY00256B;NZ-LS-008;Homo;;oxa-Michael polyaddition;C=CS(=O)(=O)CC[*]O;[*];[*]CCS(=O)(=O)CCO[*];1,0;;;;;3200,0;1,56;;SEC;PEG;9,47;3;;;;;18,6;;C;224,0;0,05;;P5 the oxa michael alos have TBD as starting groups as a mixture;
10.1039/D1PY00256B;NZ-LS-009;Homo;;oxa-Michael polyaddition;C=CS(=O)(=O)CC[*]O;[*];[*]CCS(=O)(=O)CCO[*];1,0;;;;;2230,0;1,56;;SEC;PEG;9,47;3;;;;;17,1;;C;298,0;0,05;;P6;
10.1039/D1PY00256B;NZ-LS-010;Homo;;oxa-Michael polyaddition;C=CS(=O)(=O)CC[*]O;[*];[*]CCS(=O)(=O)CCO[*];1,0;;;;;2730,0;1,64;;SEC;PEG;9,47;3;;;;;12,6;;C;313,0;0,05;;P7;
10.1039/D2PY00598K;NZ-DAD-014-1;Co;Random;free radical polymerization;[*]C(C)(C)(C#N);[*]C(C)(C)(C#N);[*]CC[*](SCCO);0,19;[*]CC[*](c1ccccc1);0,81;;;65400,0;1,7;;SEC;PMMA;9,47;3;;;;;93,0;;C;356,0;0,05;;Poly(VME-co-Styrene);
10.1039/D2PY00598K;NZ-DAD-014-2;Co;Random;free radical polymerization;[*]C(C)(C)(C#N);[*]C(C)(C)(C#N);[*]CC[*](SCCO);0,4;[*]CC[*](C)(C(=O)OC);0,6;;;304800,0;1,6;;SEC;PMMA;9,47;3;;;;;69,0;;C;293,0;0,05;;C2 Poly(VME-co-MMA);
10.1039/D2PY00598K;NZ-DAD-014-3;Co;Random;free radical polymerization;[*]C(C)(C)(C#N);[*]C(C)(C)(C#N);[*]CC[*](SCCO);0,45;[*]CC[*](C(=O)OCCCC);0,55;;;408700,0;2,4;;SEC;PMMA;9,47;3;;;;;-17,0;;C;340,0;0,05;;C3 Poly(VME-co-n-BA);
10.1039/D2PY00598K;NZ-DAD-014-7;Co;Random;free radical polymerization;[*]C(C)(C)(C#N);[*]C(C)(C)(C#N);[*]CC[*](SCCO);0,4;[*]CCS(=O)(=O)CCO[*];0,6;;;62000,0;1,8;;SEC;PMMA;9,47;3;;;;;65,0;;C;231,0;0,05;;Poly(VME-co-VSE);
10.1039/D2PY00598K;NZ-140;Homo;;free radical polymerization;[*]C(C)(C)(C#N);[*]C(C)(C)(C#N);[*]CC[*](SCCO);1,0;;;;;146100,0;2,3;;SEC;PMMA;9,47;3;;;;;21,4;;C;300,0;0,05;;P1;
10.1039/D2PY00598K;NZ-DAD-019;Co;Random;free radical polymerization;[*]C(C)(C)(C#N);[*]C(C)(C)(C#N);[*]CC[*](SCCO);0,19;[*]CC[*](C)(C(=O)OC);0,81;;;272700,0;2,0;;SEC;PMMA;9,47;3;;;;;96,0;;C;;;;C1 Poly(VME-co-MMA);
10.1039/D2PY00598K;NZ-DAD-029;Co;Random;RAFT;[*]C(C)(C)(C#N);[*]SC(=S)c1ccccc1;[*]CC[*](SCCO);0,47;[*]CC[*](C(=O)OCCCC);0,53;;;10100,0;1,1;;SEC;PMMA;9,47;3;;;;;-23,0;;C;;;;P(VME-co-BA)40;
10.1039/D2PY00598K;NZ-DAD-023;Co;Random;RAFT;[*]C(C)(C)(C#N);[*]SC(=S)c1ccccc1;[*]CC[*](SCCO);0,44;[*]CC[*](C(=O)OCCCC);0,56;;;19300,0;1,1;;SEC;PMMA;9,47;3;;;;;-25,0;;C;;;;P(VME-co-BA)82;
10.1039/D2PY00598K;NZ-DAD-031;Co;Random;RAFT;[*]C(C)(C)(C#N);[*]SC(=S)c1ccccc1;[*]CC[*](SCCO);0,47;[*]CC[*](C(=O)OCCCC);0,53;;;38100,0;1,1;;SEC;PMMA;9,47;3;;;;;-19,0;;C;;;;P(VME-co-BA)187;
10.1039/D2PY00598K;NZ-DAD-030;Co;Random;RAFT;[*]C(C)(C)(C#N);[*]SC(=S)c1ccccc1;[*]CC[*](SCCO);0,57;[*]CC[*](C)(C(=O)OC);0,43;;;14600,0;1,1;;SEC;PMMA;9,47;3;;;;;57,0;;C;;;;P(VME-co-MMA)48;
10.1039/D2PY00598K;NZ-DAD-025;Co;Random;RAFT;[*]C(C)(C)(C#N);[*]SC(=S)c1ccccc1;[*]CC[*](SCCO);0,44;[*]CC[*](C)(C(=O)OC);0,56;;;17000,0;1,1;;SEC;PMMA;9,47;3;;;;;56,0;;C;;;;P(VME-co-MMA)81;
10.1039/D2PY00598K;NZ-DAD-032;Co;Random;RAFT;[*]C(C)(C)(C#N);[*]SC(=S)c1ccccc1;[*]CC[*](SCCO);0,44;[*]CC[*](C)(C(=O)OC);0,56;;;26800,0;1,2;;SEC;PMMA;9,47;3;;;;;55,0;;C;;;;P(VME-co-MMA)154;
10.1039/D2PY00598K;NZ-DAD-059;Homo;;RAFT;[*]C(C)(C)(C#N);[*]SC(=S)c1ccccc1;[*]CC[*](SCCO);1,0;;;;;14600,0;1,1;;SEC;PMMA;9,47;3;;;;;12,0;;C;;;;PVME62;
10.1039/D2PY00598K;NZ-DAD-046;Homo;;RAFT;[*]C(C)(C)(C#N);[*]SC(=S)c1ccccc1;[*]CC[*](C(=O)OCCCC);1,0;;;;;13100,0;1,1;;SEC;PMMA;9,47;3;;;;;-53,0;;C;;;;PBA92;
10.1039/D2PY00598K;NZ-DAD-045;Homo;;RAFT;[*]C(C)(C)(C#N);[*]SC(=S)c1ccccc1;[*]CC[*](C)(C(=O)OC);1,0;;;;;11800,0;1,1;;SEC;PMMA;9,47;3;;;;;95,0;;C;;;;PMMA96;
10.1039/D2PY00598K;;Block;AB;RAFT;[*]C(C)(C)(C#N);[*]SC(=S)c1ccccc1;[*]CC[*](SCCO);0,43;[*]CC[*](C(=O)OCCCC);0,57;;;22100,0;1,1;;SEC;PMMA;9,47;3;;;;;-48,0;7,0;C;;;;R14 PVME-PBA;
10.1039/D2PY00598K;;Block;AB;RAFT;[*]C(C)(C)(C#N);[*]SC(=S)c1ccccc1;[*]CC[*](SCCO);0,19;[*]CC[*](C(=O)OCCCC);0,81;;;30700,0;1,1;;SEC;PMMA;9,47;3;;;;;-52,0;13,0;C;;;;R16 PVME-PBA;
10.1039/D2PY00598K;;Block;AB;RAFT;[*]C(C)(C)(C#N);[*]SC(=S)c1ccccc1;[*]CC[*](SCCO);0,25;[*]CC[*](C)(C(=O)OC);0,75;;;18200,0;1,1;;SEC;PMMA;9,47;3;;;;;109,0;;C;;;;R18 PVME-PMMA;
10.3390/polym14030361 ;TS-001;Homo;;RAFT;[*]C(C)(C)(C#N);[*]SC(=S)c1ccccc1;[*]CC[*](C)(C(=O)OC);1,0;;;;;29700,0;1,16;;SEC;PMMA;9,47;3;;;;;102,1;;C;;;;;
10.3390/polym14030361 ;TS-002;Homo;;free radical polymerization;[*]C(C)(C)(C#N);[*]SC(=S)c1ccccc1;[*]CC[*](C)(C(=O)OC);1,0;;;;;101400,0;1,88;;SEC;PMMA;9,47;3;;;;;119,3;;C;;;;;
10.3390/polym14030361 ;TS-003;Homo;;RAFT;[*]C(C)(C)(C#N);[*]SC(=S)SCc1ccccc1;[*]CC[*](c1ccccc1);1,0;;;;;6900,0;1,19;;SEC;PS;9,47;3;;;;;85,5;;C;;;;;
10.3390/polym14030361 ;TS-004;Homo;;free radical polymerization;[*]C(C)(C)(C#N);[*]SC(=S)SCc1ccccc1;[*]CC[*](c1ccccc1);1,0;;;;;42300,0;1,51;;SEC;PS;9,47;3;;;;;98,4;;C;;;;;
10.3390/polym14030361 ;TS-005;Homo;;RAFT;[*]C(C)(C)(C#N);[*]SC(=S)c1ccccc1;[*]CC[*](C)(C(=O)OC);1,0;;;;;16500,0;1,15;;SEC;PMMA;9,47;3;;;;;95,6;;C;;;;;
10.3390/polym14030361 ;TS-006;Homo;;RAFT;[*]C(C)(C)(C#N);[*]SC(=S)SCc1ccccc1;[*]CC[*](c1ccccc1);1,0;;;;;3500,0;1,08;;SEC;PS;9,47;3;;;;;64,1;;C;;;;;
10.3390/polym14030361 ;TS-009a;Homo;;RAFT;[*]C(C)(C)(C#N);[*]SC(=S)c1ccccc1;[*]CC[*](C)(C(=O)OCc1ccccc1);1,0;;;;;10200,0;1,18;;SEC;PMMA;9,47;3;;;;;47,6;;C;;;;;
10.3390/polym14030361 ;TS-009b;Homo;;RAFT;[*]C(C)(C)(C#N);[*]SC(=S)c1ccccc1;[*]CC[*](C)(C(=O)OCc1ccccc1);1,0;;;;;19000,0;1,2;;SEC;PMMA;9,47;3;;;;;54,0;;C;;;;;
10.3390/polym14030361 ;TS-009c;Homo;;RAFT;[*]C(C)(C)(C#N);[*]SC(=S)c1ccccc1;[*]CC[*](C)(C(=O)OCc1ccccc1);1,0;;;;;30000,0;1,25;;SEC;PMMA;9,47;3;;;;;57,4;;C;;;;;
10.3390/polym14030361 ;TS-009d;Homo;;RAFT;[*]C(C)(C)(C#N);[*]SC(=S)c1ccccc1;[*]CC[*](C)(C(=O)OCc1ccccc1);1,0;;;;;12500,0;1,8;;SEC;PMMA;9,47;3;;;;;49,5;;C;;;;;
10.3390/polym14030361 ;TS-009e;Homo;;RAFT;[*]C(C)(C)(C#N);[*]SC(=S)c1ccccc1;[*]CC[*](C)(C(=O)OCc1ccccc1);1,0;;;;;23600,0;1,38;;SEC;PMMA;9,47;3;;;;;53,5;;C;;;;;
10.3390/polym14030361 ;TS-010a;Homo;;RAFT;[*]C(C)(C)(C#N);[*]SC(=S)c1ccccc1;[*]CC[*](C)(C(=O)OCCCC);1,0;;;;;8400,0;1,2;;SEC;PMMA;9,47;3;;;;;16,0;;C;;;;;
10.3390/polym14030361 ;TS-010b;Homo;;RAFT;[*]C(C)(C)(C#N);[*]SC(=S)c1ccccc1;[*]CC[*](C)(C(=O)OCCCC);1,0;;;;;15700,0;1,14;;SEC;PMMA;9,47;3;;;;;26,9;;C;;;;;
10.3390/polym14030361 ;TS-010c;Homo;;RAFT;[*]C(C)(C)(C#N);[*]SC(=S)c1ccccc1;[*]CC[*](C)(C(=O)OCCCC);1,0;;;;;25500,0;1,26;;SEC;PMMA;9,47;3;;;;;68,1;;C;;;;;
10.3390/polym14030361 ;TS-0010d;Homo;;RAFT;[*]C(C)(C)(C#N);[*]SC(=S)c1ccccc1;[*]CC[*](C)(C(=O)OCCCC);1,0;;;;;41100,0;1,27;;SEC;PMMA;9,47;3;;;;;33,6;;C;;;;nicht so schön;
10.3390/polym14030361 ;TS-011a;Homo;;RAFT;[*]C(C)(C)(C#N);[*]SC(=S)c1ccccc1;[*]CC[*](C)(C(=O)OC(C)(C)C);1,0;;;;;9000,0;1,14;;SEC;PMMA;9,47;3;;;;;;;C;;;;kein Tg gefunden;
10.3390/polym14030361 ;TS-011b;Homo;;RAFT;[*]C(C)(C)(C#N);[*]SC(=S)c1ccccc1;[*]CC[*](C)(C(=O)OC(C)(C)C);1,0;;;;;13600,0;1,23;;SEC;PMMA;9,47;3;;;;;120,4;;C;;;;;
10.3390/polym14030361 ;TS-011c;Homo;;RAFT;[*]C(C)(C)(C#N);[*]SC(=S)c1ccccc1;[*]CC[*](C)(C(=O)OC(C)(C)C);1,0;;;;;25900,0;1,13;;SEC;PMMA;9,47;3;;;;;;;C;;;;kein Tg gefunden;
10.3390/polym14030361 ;TS-011d;Homo;;RAFT;[*]C(C)(C)(C#N);[*]SC(=S)c1ccccc1;[*]CC[*](C)(C(=O)OC(C)(C)C);1,0;;;;;37900,0;1,18;;SEC;PMMA;9,47;3;;;;;;;C;;;;kein Tg gefunden;
10.3390/polym14030361 ;TS-012a;Homo;;RAFT;[*]C(C)(C)(C#N);[*]SC(=S)c1ccccc1;[*]CC[*](C)(C(=O)OCC(C)C);1,0;;;;;10800,0;1,15;;SEC;PMMA;9,47;3;;;;;52,7;;C;;;;;
10.3390/polym14030361 ;TS-012b;Homo;;RAFT;[*]C(C)(C)(C#N);[*]SC(=S)c1ccccc1;[*]CC[*](C)(C(=O)OCC(C)C);1,0;;;;;13900,0;1,1;;SEC;PMMA;9,47;3;;;;;59,9;;C;;;;;
10.3390/polym14030361 ;TS-012c;Homo;;RAFT;[*]C(C)(C)(C#N);[*]SC(=S)c1ccccc1;[*]CC[*](C)(C(=O)OCC(C)C);1,0;;;;;25000,0;1,15;;SEC;PMMA;9,47;3;;;;;59,0;;C;;;;;
10.3390/polym14030361 ;TS-012d;Homo;;RAFT;[*]C(C)(C)(C#N);[*]SC(=S)c1ccccc1;[*]CC[*](C)(C(=O)OCC(C)C);1,0;;;;;43500,0;1,19;;SEC;PMMA;9,47;3;;;;;52,7;;C;;;;;
10.3390/polym14030361 ;TS-013a;Homo;;RAFT;[*]C(C)(C)(C#N);[*]SC(=S)c1ccccc1;[*]CC[*](C)(C(=O)OC1CCCCC1);1,0;;;;;11700,0;1,11;;SEC;PMMA;9,47;3;;;;;62,2;;C;;;;;
10.3390/polym14030361 ;TS-013b;Homo;;RAFT;[*]C(C)(C)(C#N);[*]SC(=S)c1ccccc1;[*]CC[*](C)(C(=O)OC1CCCCC1);1,0;;;;;20600,0;1,09;;SEC;PMMA;9,47;3;;;;;23,9;;C;;;;;
10.3390/polym14030361 ;TS-013c;Homo;;RAFT;[*]C(C)(C)(C#N);[*]SC(=S)c1ccccc1;[*]CC[*](C)(C(=O)OC1CCCCC1);1,0;;;;;14200,0;1,5;;SEC;PMMA;9,47;3;;;;;59,7;;C;;;;;
10.3390/polym14030361 ;TS-013d;Homo;;RAFT;[*]C(C)(C)(C#N);[*]SC(=S)c1ccccc1;[*]CC[*](C)(C(=O)OC1CCCCC1);1,0;;;;;34700,0;1,13;;SEC;PMMA;9,47;3;;;;;70,8;;C;;;;;
10.3390/polym14030361 ;TS-014a;Homo;;RAFT;[*]C(C)(C)(C#N);[*]SC(=S)c1ccccc1;[*]CC[*](C)(C(=O)OC(C)C);1,0;;;;;8100,0;1,19;;SEC;PMMA;9,47;3;;;;;;;C;;;;;
10.3390/polym14030361 ;TS-014b;Homo;;RAFT;[*]C(C)(C)(C#N);[*]SC(=S)c1ccccc1;[*]CC[*](C)(C(=O)OC(C)C);1,0;;;;;18800,0;1,06;;SEC;PMMA;9,47;3;;;;;;;C;;;;;
10.3390/polym14030361 ;TS-014c;Homo;;RAFT;[*]C(C)(C)(C#N);[*]SC(=S)c1ccccc1;[*]CC[*](C)(C(=O)OC(C)C);1,0;;;;;18300,0;1,27;;SEC;PMMA;9,47;3;;;;;;;C;;;;;
10.3390/polym14030361 ;TS-014d;Homo;;RAFT;[*]C(C)(C)(C#N);[*]SC(=S)c1ccccc1;[*]CC[*](C)(C(=O)OC(C)C);1,0;;;;;15600,0;1,67;;SEC;PMMA;9,47;3;;;;;;;C;;;;;
10.3390/polym14030361 ;TS-015a;Homo;;RAFT;[*]C(C)(C)(C#N);[*]SC(=S)c1ccccc1;[*]CC[*](C)(C(=O)OCC);1,0;;;;;10000,0;1,14;;SEC;PMMA;9,47;3;;;;;66,5;;C;;;;;
10.3390/polym14030361 ;TS-015b;Homo;;RAFT;[*]C(C)(C)(C#N);[*]SC(=S)c1ccccc1;[*]CC[*](C)(C(=O)OCC);1,0;;;;;15200,0;1,18;;SEC;PMMA;9,47;3;;;;;61,2;;C;;;;;
10.3390/polym14030361 ;TS-015c;Homo;;RAFT;[*]C(C)(C)(C#N);[*]SC(=S)c1ccccc1;[*]CC[*](C)(C(=O)OCC);1,0;;;;;22400,0;1,19;;SEC;PMMA;9,47;3;;;;;64,9;;C;;;;;
10.3390/polym14030361 ;TS-015d;Homo;;RAFT;[*]C(C)(C)(C#N);[*]SC(=S)c1ccccc1;[*]CC[*](C)(C(=O)OCC);1,0;;;;;23500,0;1,47;;SEC;PMMA;9,47;3;;;;;64,8;;C;;;;;
10.3390/polym14030361 ;TS-016a;Homo;;RAFT;[*]C(C)(C)(C#N);[*]SC(=S)c1ccccc1;[*]CC[*](C)(C(=O)OCCC);1,0;;;;;9700,0;1,15;;SEC;PMMA;9,47;3;;;;;43,2;;C;;;;;
10.3390/polym14030361 ;TS-016b;Homo;;RAFT;[*]C(C)(C)(C#N);[*]SC(=S)c1ccccc1;[*]CC[*](C)(C(=O)OCCC);1,0;;;;;16400,0;1,1;;SEC;PMMA;9,47;3;;;;;66,4;;C;;;;schlecht sichtbar;
10.3390/polym14030361 ;TS-016c;Homo;;RAFT;[*]C(C)(C)(C#N);[*]SC(=S)c1ccccc1;[*]CC[*](C)(C(=O)OCCC);1,0;;;;;28600,0;1,15;;SEC;PMMA;9,47;3;;;;;57,2;;C;;;;;
10.3390/polym14030361 ;TS-016d;Homo;;RAFT;[*]C(C)(C)(C#N);[*]SC(=S)c1ccccc1;[*]CC[*](C)(C(=O)OCCC);1,0;;;;;16800,0;1,56;;SEC;PMMA;9,47;3;;;;;36,1;;C;;;;;
10.3390/polym14030361 ;TS-017a;Homo;;RAFT;[*]C(C)(C)(C#N);[*]SC(=S)c1ccccc1;[*]CC[*](C)(C(=O)OCCO);1,0;;;;;28500,0;1,44;;SEC;PMMA;9,47;3;;;;;98,6;;C;;;;2. Zyklus trotzdem gut;
10.3390/polym14030361 ;TS-017b;Homo;;RAFT;[*]C(C)(C)(C#N);[*]SC(=S)c1ccccc1;[*]CC[*](C)(C(=O)OCCO);1,0;;;;;40800,0;1,26;;SEC;PMMA;9,47;3;;;;;91,4;;C;;;;;
10.3390/polym14030361 ;TS-017c;Homo;;RAFT;[*]C(C)(C)(C#N);[*]SC(=S)c1ccccc1;[*]CC[*](C)(C(=O)OCCO);1,0;;;;;30600,0;1,44;;SEC;PMMA;9,47;3;;;;;75,3;;C;;;;;
10.3390/polym14030361 ;TS-017d;Homo;;RAFT;[*]C(C)(C)(C#N);[*]SC(=S)c1ccccc1;[*]CC[*](C)(C(=O)OCCO);1,0;;;;;83300,0;1,39;;SEC;PMMA;9,47;3;;;;;111,8;;C;;;;;
10.3390/polym14030361 ;TS-018a;Homo;;RAFT;[*]C(C)(C)(C#N);[*]SC(=S)c1ccccc1;[*]CC[*](C)(C(=O)OC1CC2CCC1(C)C2(C)C);1,0;;;;;12300,0;1,1;;SEC;PMMA;9,47;3;;;;;;;C;;;;kein Tg gefunden;
10.3390/polym14030361 ;TS-018b;Homo;;RAFT;[*]C(C)(C)(C#N);[*]SC(=S)c1ccccc1;[*]CC[*](C)(C(=O)OC1CC2CCC1(C)C2(C)C);1,0;;;;;18600,0;1,16;;SEC;PMMA;9,47;3;;;;;;;C;;;;Messung nicht möglich;
10.3390/polym14030361 ;TS-018c;Homo;;RAFT;[*]C(C)(C)(C#N);[*]SC(=S)c1ccccc1;[*]CC[*](C)(C(=O)OC1CC2CCC1(C)C2(C)C);1,0;;;;;26800,0;1,15;;SEC;PMMA;9,47;3;;;;;104,5;;C;;;;;
10.3390/polym14030361 ;TS-018d;Homo;;RAFT;[*]C(C)(C)(C#N);[*]SC(=S)c1ccccc1;[*]CC[*](C)(C(=O)OC1CC2CCC1(C)C2(C)C);1,0;;;;;7400,0;1,17;;SEC;PMMA;9,47;3;;;;;184,2;;C;;;;;
10.3390/polym14030361 ;TS-019a;Homo;;RAFT;[*]C(C)(C)(C#N);[*]SC(=S)c1ccccc1;[*]CC[*](C)(C(=O)Oc1ccccc1);1,0;;;;;10800,0;1,32;;SEC;PMMA;9,47;3;;;;;96,2;;C;;;;;
10.3390/polym14030361 ;TS-019b;Homo;;RAFT;[*]C(C)(C)(C#N);[*]SC(=S)c1ccccc1;[*]CC[*](C)(C(=O)Oc1ccccc1);1,0;;;;;18600,0;1,32;;SEC;PMMA;9,47;3;;;;;100,3;;C;;;;;
10.3390/polym14030361 ;TS-019c;Homo;;RAFT;[*]C(C)(C)(C#N);[*]SC(=S)c1ccccc1;[*]CC[*](C)(C(=O)Oc1ccccc1);1,0;;;;;27800,0;1,37;;SEC;PMMA;9,47;3;;;;;102,6;;C;;;;;
10.3390/polym14030361 ;TS-019d;Homo;;RAFT;[*]C(C)(C)(C#N);[*]SC(=S)c1ccccc1;[*]CC[*](C)(C(=O)Oc1ccccc1);1,0;;;;;19200,0;1,53;;SEC;PMMA;9,47;3;;;;;106,9;;C;;;;;
10.3390/polym14030361 ;TS-020a;Homo;;RAFT;[*]C(C)(C)(C#N);[*]SC(=S)SCc1ccccc1;[*]CC[*](c1ccc(Br)cc1);1,0;;;;;7200,0;1,12;;SEC;PS;9,47;3;;;;;123,9;;C;;;;;
10.3390/polym14030361 ;TS-020b;Homo;;RAFT;[*]C(C)(C)(C#N);[*]SC(=S)SCc1ccccc1;[*]CC[*](c1ccc(Br)cc1);1,0;;;;;12000,0;1,14;;SEC;PS;9,47;3;;;;;131,6;;C;;;;;
10.3390/polym14030361 ;TS-020c;Homo;;RAFT;[*]C(C)(C)(C#N);[*]SC(=S)SCc1ccccc1;[*]CC[*](c1ccc(Br)cc1);1,0;;;;;19000,0;1,09;;SEC;PS;9,47;3;;;;;125,2;;C;;;;;
10.3390/polym14030361 ;TS-020d;Homo;;RAFT;[*]C(C)(C)(C#N);[*]SC(=S)SCc1ccccc1;[*]CC[*](c1ccc(Br)cc1);1,0;;;;;23300,0;1,13;;SEC;PS;9,47;3;;;;;139,1;;C;;;;;
10.3390/polym14030361 ;TS-021a;Homo;;RAFT;[*]C(C)(C)(C#N);[*]SC(=S)SCc1ccccc1;[*]CC[*](c1ccccc1);1,0;;;;;8700,0;1,14;;SEC;PS;9,47;3;;;;;91,4;;C;;;;;
10.3390/polym14030361 ;TS-023a;Homo;;RAFT;[*]C(C)(C)(C#N);[*]SC(=S)SCc1ccccc1;[*]CC[*](c1ccc(C)cc1);1,0;;;;;4300,0;1,07;;SEC;PS;9,47;3;;;;;82,0;;C;;;;;
10.3390/polym14030361 ;TS-023b;Homo;;RAFT;[*]C(C)(C)(C#N);[*]SC(=S)SCc1ccccc1;[*]CC[*](c1ccc(C)cc1);1,0;;;;;4300,0;1,07;;SEC;PS;9,47;3;;;;;94,2;;C;;;;;
10.3390/polym14030361 ;TS-023c;Homo;;RAFT;[*]C(C)(C)(C#N);[*]SC(=S)SCc1ccccc1;[*]CC[*](c1ccc(C)cc1);1,0;;;;;6900,0;1,03;;SEC;PS;9,47;3;;;;;99,7;;C;;;;;
10.3390/polym14030361 ;TS-023d;Homo;;RAFT;[*]C(C)(C)(C#N);[*]SC(=S)SCc1ccccc1;[*]CC[*](c1ccc(C)cc1);1,0;;;;;5100,0;1,36;;SEC;PS;9,47;3;;;;;92,4;;C;;;;;
10.3390/polym14030361 ;TS-024a;Homo;;RAFT;[*]C(C)(C)(C#N);[*]SC(=S)SCc1ccccc1;[*]CC[*](c1ccc(C(C)(C)(C))cc1);1,0;;;;;3100,0;1,2;;SEC;PS;9,47;3;;;;;115,2;;C;;;;;
10.3390/polym14030361 ;TS-024b;Homo;;RAFT;[*]C(C)(C)(C#N);[*]SC(=S)SCc1ccccc1;[*]CC[*](c1ccc(C(C)(C)(C))cc1);1,0;;;;;2700,0;1,43;;SEC;PS;9,47;3;;;;;112,1;;C;;;;;
10.3390/polym14030361 ;TS-024c;Homo;;RAFT;[*]C(C)(C)(C#N);[*]SC(=S)SCc1ccccc1;[*]CC[*](c1ccc(C(C)(C)(C))cc1);1,0;;;;;3600,0;1,59;;SEC;PS;9,47;3;;;;;118,9;;C;;;;;
10.3390/polym14030361 ;TS-024d;Homo;;RAFT;[*]C(C)(C)(C#N);[*]SC(=S)SCc1ccccc1;[*]CC[*](c1ccc(C(C)(C)(C))cc1);1,0;;;;;2200,0;1,75;;SEC;PS;9,47;3;;;;;106,1;;C;;;;;
10.3390/polym14030361 ;TS-025a;Homo;;RAFT;[*]C(C)(C)(C#N);[*]SC(=S)SCc1ccccc1;[*]CC[*](c1ccc([Cl])cc1);1,0;;;;;2700,0;1,43;;SEC;PS;9,47;3;;;;;103,9;;C;;;;;
10.3390/polym14030361 ;TS-025b;Homo;;RAFT;[*]C(C)(C)(C#N);[*]SC(=S)SCc1ccccc1;[*]CC[*](c1ccc([Cl])cc1);1,0;;;;;7100,0;1,13;;SEC;PS;9,47;3;;;;;117,2;;C;;;;;
10.3390/polym14030361 ;TS-025c;Homo;;RAFT;[*]C(C)(C)(C#N);[*]SC(=S)SCc1ccccc1;[*]CC[*](c1ccc([Cl])cc1);1,0;;;;;5700,0;1,15;;SEC;PS;9,47;3;;;;;113,4;;C;;;;;
10.3390/polym14030361 ;TS-025d;Homo;;RAFT;[*]C(C)(C)(C#N);[*]SC(=S)SCc1ccccc1;[*]CC[*](c1ccc([Cl])cc1);1,0;;;;;15900,0;1,12;;SEC;PS;9,47;3;;;;;121,5;;C;;;;;
10.3390/polym14030361 ;TS-026a;Homo;;RAFT;[*]C(C)(C)(C#N);[*]SC(=S)c1ccccc1;[*]CC[*](C(=O)OC1CC2CCC1(C)C2(C)C);1,0;;;;;6600,0;1,38;;SEC;PMMA;9,47;3;;;;;60,0;;C;;;;;
10.3390/polym14030361 ;TS-026b;Homo;;RAFT;[*]C(C)(C)(C#N);[*]SC(=S)c1ccccc1;[*]CC[*](C(=O)OC1CC2CCC1(C)C2(C)C);1,0;;;;;9500,0;1,76;;SEC;PMMA;9,47;3;;;;;58,3;;C;;;;;
10.3390/polym14030361 ;TS-026c;Homo;;RAFT;[*]C(C)(C)(C#N);[*]SC(=S)c1ccccc1;[*]CC[*](C(=O)OC1CC2CCC1(C)C2(C)C);1,0;;;;;12300,0;2,1;;SEC;PMMA;9,47;3;;;;;73,5;;C;;;;;
10.3390/polym14030361 ;TS-026d;Homo;;RAFT;[*]C(C)(C)(C#N);[*]SC(=S)c1ccccc1;[*]CC[*](C(=O)OC1CC2CCC1(C)C2(C)C);1,0;;;;;10400,0;2,23;;SEC;PMMA;9,47;3;;;;;98,2;;C;;;;;
10.3390/polym14030361 ;TS-027a;Homo;;RAFT;[*]C(C)(C)(C#N);[*]SC(=S)c1ccccc1;[*]CC[*](C(=O)OCCCCCCCCCCCCCCCC);1,0;;;;;11000,0;1,2;;SEC;PMMA;9,47;3;;;;;;;C;;;;Schmelzpunkt 33.1;
10.3390/polym14030361 ;TS-027b;Homo;;RAFT;[*]C(C)(C)(C#N);[*]SC(=S)c1ccccc1;[*]CC[*](C(=O)OCCCCCCCCCCCCCCCC);1,0;;;;;20800,0;1,21;;SEC;PMMA;9,47;3;;;;;;;C;;;;Schmelzpunkt 34.7;
10.3390/polym14030361 ;TS-027c;Homo;;RAFT;[*]C(C)(C)(C#N);[*]SC(=S)c1ccccc1;[*]CC[*](C(=O)OCCCCCCCCCCCCCCCC);1,0;;;;;24900,0;1,38;;SEC;PMMA;9,47;3;;;;;;;C;;;;Schmelzpunkt 34.7;
10.3390/polym14030361 ;TS-027d;Homo;;RAFT;[*]C(C)(C)(C#N);[*]SC(=S)c1ccccc1;[*]CC[*](C(=O)OCCCCCCCCCCCCCCCC);1,0;;;;;33700,0;1,49;;SEC;PMMA;9,47;3;;;;;;;C;;;;Schmelzpunkt 35.7;
10.3390/polym14030361 ;TS-028a;Homo;;RAFT;[*]C(C)(C)(C#N);[*]SC(=S)c1ccccc1;[*]CC[*](C(=O)OC1CCCCC1);1,0;;;;;5800,0;1,3;;SEC;PMMA;9,47;3;;;;;24,2;;C;;;;;
10.3390/polym14030361 ;TS-028b;Homo;;RAFT;[*]C(C)(C)(C#N);[*]SC(=S)c1ccccc1;[*]CC[*](C(=O)OC1CCCCC1);1,0;;;;;15500,0;1,26;;SEC;PMMA;9,47;3;;;;;27,6;;C;;;;;
10.3390/polym14030361 ;TS-028c;Homo;;RAFT;[*]C(C)(C)(C#N);[*]SC(=S)c1ccccc1;[*]CC[*](C(=O)OC1CCCCC1);1,0;;;;;22500,0;1,57;;SEC;PMMA;9,47;3;;;;;26,8;;C;;;;;
10.3390/polym14030361 ;TS-028d;Homo;;RAFT;[*]C(C)(C)(C#N);[*]SC(=S)c1ccccc1;[*]CC[*](C(=O)OC1CCCCC1);1,0;;;;;22400,0;1,61;;SEC;PMMA;9,47;3;;;;;26,2;;C;;;;;
10.3390/polym14030361 ;TS-029a;Homo;;RAFT;[*]C(C)(C)(C#N);[*]SC(=S)c1ccccc1;[*]CC[*](C(=O)OC(C)(C)C);1,0;;;;;7200,0;1,16;;SEC;PMMA;9,47;3;;;;;122,1;;C;;;;;
10.3390/polym14030361 ;TS-029b;Homo;;RAFT;[*]C(C)(C)(C#N);[*]SC(=S)c1ccccc1;[*]CC[*](C(=O)OC(C)(C)C);1,0;;;;;12000,0;1,25;;SEC;PMMA;9,47;3;;;;;124,5;;C;;;;nicht schön;
10.3390/polym14030361 ;TS-029c;Homo;;RAFT;[*]C(C)(C)(C#N);[*]SC(=S)c1ccccc1;[*]CC[*](C(=O)OC(C)(C)C);1,0;;;;;23100,0;1,24;;SEC;PMMA;9,47;3;;;;;65,0;;C;;;;;
10.3390/polym14030361 ;TS-029d;Homo;;RAFT;[*]C(C)(C)(C#N);[*]SC(=S)c1ccccc1;[*]CC[*](C(=O)OC(C)(C)C);1,0;;;;;14900,0;1,76;;SEC;PMMA;9,47;3;;;;;60,7;;C;;;;;
10.3390/polym14030361 ;TS-142;Homo;;RAFT;[*]C(C)(C)(C#N);[*]SC(=S)c1ccccc1;[*]CC[*](C)(C(=O)OC);1,0;;;;;13900,0;1,27;;SEC;PMMA;9,47;3;;;;;108,6;;C;;;;Schmelzpunkt 154.1;
10.3390/polym14030361 ;TS-144a;Homo;;RAFT;[*]C(C)(C)(C#N);[*]SC(=S)c1ccccc1;[*]CC[*](C)(C(=O)OC);1,0;;;;;11700,0;1,19;;SEC;PMMA;9,47;3;;;;;108,7;;C;;;;;
10.3390/polym14030361 ;TS-144b;Homo;;RAFT;[*]C(C)(C)(C#N);[*]SC(=S)c1ccccc1;[*]CC[*](C)(C(=O)OC);1,0;;;;;14500,0;1,19;;SEC;PMMA;9,47;3;;;;;110,2;;C;;;;;
10.3390/polym14030361 ;TS-145a;Homo;;RAFT;[*]C(C)(C)(C#N);[*]SC(=S)c1ccccc1;[*]CC[*](C)(C(=O)OCCOCCOCCOCCOCCOCCOCCOCCOCCOCCO);1,0;;;;;22900,0;1,19;;SEC;PMMA;9,47;3;;;;;;;C;;;;Schmelzpunkt -6.4, Kristallisation -44.0;
10.3390/polym14030361 ;TS-145b;Homo;;RAFT;[*]C(C)(C)(C#N);[*]SC(=S)c1ccccc1;[*]CC[*](C)(C(=O)OCCOCCOCCOCCOCCOCCOCCOCCOCCOCCO);1,0;;;;;25000,0;1,24;;SEC;PMMA;9,47;3;;;;;;;C;;;;Schmelzpunkt -6.8, Kristallisation -42.2;
10.3390/polym14030361 ;TS-145c;Homo;;RAFT;[*]C(C)(C)(C#N);[*]SC(=S)c1ccccc1;[*]CC[*](C)(C(=O)OCCOCCOCCOCCOCCOCCOCCOCCOCCOCCO);1,0;;;;;19100,0;1,22;;SEC;PMMA;9,47;3;;;;;;;C;;;;Schmelzpunkt -6.1 Kristallisation -37.1;
10.3390/polym14030361 ;TS-145d;Homo;;RAFT;[*]C(C)(C)(C#N);[*]SC(=S)c1ccccc1;[*]CC[*](C)(C(=O)OCCOCCOCCOCCOCCOCCOCCOCCOCCOCCO);1,0;;;;;13500,0;1,24;;SEC;PMMA;9,47;3;;;;;;;C;;;;Schmelzpunkt -6.2, Kristallisation -41.5;
10.3390/polym14030361 ;TS-145e;Homo;;RAFT;[*]C(C)(C)(C#N);[*]SC(=S)c1ccccc1;[*]CC[*](C)(C(=O)OCCOCCOCCOCCOCCOCCOCCOCCOCCOCCO);1,0;;;;;8900,0;1,22;;SEC;PMMA;9,47;3;;;;;;;C;;;;;
10.3390/polym14030361 ;TS-146a;Homo;;RAFT;[*]C(C)(C)(C#N);[*]SC(=S)SCc1ccccc1;[*]CC[*](c1ccccc1);1,0;;;;;32700,0;1,42;;SEC;PS;9,47;3;;;;;102,4;;C;;;;;
10.3390/polym14030361 ;TS-146b;Homo;;RAFT;[*]C(C)(C)(C#N);[*]SC(=S)SCc1ccccc1;[*]CC[*](c1ccccc1);1,0;;;;;22100,0;1,39;;SEC;PS;9,47;3;;;;;100,2;;C;;;;;
10.3390/polym14030361 ;TS-146c;Homo;;RAFT;[*]C(C)(C)(C#N);[*]SC(=S)SCc1ccccc1;[*]CC[*](c1ccccc1);1,0;;;;;29600,0;1,38;;SEC;PS;9,47;3;;;;;100,9;;C;;;;;
10.3390/polym14030361 ;TS-146d;Homo;;RAFT;[*]C(C)(C)(C#N);[*]SC(=S)SCc1ccccc1;[*]CC[*](c1ccccc1);1,0;;;;;20000,0;1,32;;SEC;PS;9,47;3;;;;;99,6;;C;;;;;
10.3390/polym14030361 ;TS-146e;Homo;;RAFT;[*]C(C)(C)(C#N);[*]SC(=S)SCc1ccccc1;[*]CC[*](c1ccccc1);1,0;;;;;8300,0;1,32;;SEC;PS;9,47;3;;;;;90,5;;C;;;;;
;PE-265-1;Co;;RAFT;[*]C(C)(C)(C#N);[*]SC(=S)SCc1ccccc1;[*]CC[*](C)(C(=O)OC);0,18;[*]CC[*](c1ccccc1);0,82;;;21500,0;1,16;25000,0;SEC;PS;10,0;3;;;;;98,8;;C;;;;;
;PE-265-1;Co;;RAFT;[*]C(C)(C)(C#N);[*]SC(=S)SCc1ccccc1;[*]CC[*](C)(C(=O)OC);0,18;[*]CC[*](c1ccccc1);0,82;;;21500,0;1,16;25000,0;SEC;PS;20,0;2;;;;;100,5;;C;;;;;
;PE-265-2;Co;;RAFT;[*]C(C)(C)(C#N);[*]SC(=S)SCc1ccccc1;[*]CC[*](C)(C(=O)OC);0,34;[*]CC[*](c1ccccc1);0,66;;;25500,0;1,16;29600,0;SEC;PS;10,0;3;;;;;98,4;;C;;;;;
;PE-265-2;Co;;RAFT;[*]C(C)(C)(C#N);[*]SC(=S)SCc1ccccc1;[*]CC[*](C)(C(=O)OC);0,34;[*]CC[*](c1ccccc1);0,66;;;25500,0;1,16;29600,0;SEC;PS;20,0;2;;;;;100,2;;C;;;;;
;PE-265-3;Co;;RAFT;[*]C(C)(C)(C#N);[*]SC(=S)SCc1ccccc1;[*]CC[*](C)(C(=O)OC);0,51;[*]CC[*](c1ccccc1);0,49;;;31500,0;1,18;37200,0;SEC;MMA;10,0;3;;;;;101,0;;C;;;;;
;PE-265-3;Co;;RAFT;[*]C(C)(C)(C#N);[*]SC(=S)SCc1ccccc1;[*]CC[*](C)(C(=O)OC);0,51;[*]CC[*](c1ccccc1);0,49;;;31500,0;1,18;37200,0;SEC;MMA;20,0;2;;;;;103,5;;C;;;;;
;PE-265-4;Co;;RAFT;[*]C(C)(C)(C#N);[*]SC(=S)SCc1ccccc1;[*]CC[*](C)(C(=O)OC);0,7;[*]CC[*](c1ccccc1);0,3;;;48100,0;1,18;56700,0;SEC;MMA;10,0;3;;;;;111,2;;C;;;;;
;PE-265-4;Co;;RAFT;[*]C(C)(C)(C#N);[*]SC(=S)SCc1ccccc1;[*]CC[*](C)(C(=O)OC);0,7;[*]CC[*](c1ccccc1);0,3;;;48100,0;1,18;56700,0;SEC;MMA;20,0;2;;;;;114,5;;C;;;;;
;PE-265-5;Co;;RAFT;[*]C(C)(C)(C#N);[*]SC(=S)SCc1ccccc1;[*]CC[*](C)(C(=O)OC);0,85;[*]CC[*](c1ccccc1);0,15;;;48700,0;1,2;58300,0;SEC;MMA;10,0;3;;;;;;;C;;;;peak too shallow (77,2 °C);bad
;PE-265-5;Co;;RAFT;[*]C(C)(C)(C#N);[*]SC(=S)SCc1ccccc1;[*]CC[*](C)(C(=O)OC);0,85;[*]CC[*](c1ccccc1);0,15;;;48700,0;1,2;58300,0;SEC;MMA;20,0;2;;;;;81,9;;C;;;;;
;PE-265-6;Co;;RAFT;[*]C(C)(C)(C#N);[*]SC(=S)SCc1ccccc1;[*]CC[*](C)(C(=O)OC);0,18;[*]CC[*](c1ccccc1);0,82;;;28400,0;1,2;34100,0;SEC;PS;10,0;3;;;;;93,2;;C;;;;;
;PE-265-6;Co;;RAFT;[*]C(C)(C)(C#N);[*]SC(=S)SCc1ccccc1;[*]CC[*](C)(C(=O)OC);0,18;[*]CC[*](c1ccccc1);0,82;;;28400,0;1,2;34100,0;SEC;PS;20,0;2;;;;;93,5;;C;;;;;
;PE-265-7;Co;;RAFT;[*]C(C)(C)(C#N);[*]SC(=S)SCc1ccccc1;[*]CC[*](C)(C(=O)OC);0,34;[*]CC[*](c1ccccc1);0,66;;;34800,0;1,2;41700,0;SEC;PS;10,0;3;;;;;99,3;;C;;;;;bad
;PE-265-7;Co;;RAFT;[*]C(C)(C)(C#N);[*]SC(=S)SCc1ccccc1;[*]CC[*](C)(C(=O)OC);0,34;[*]CC[*](c1ccccc1);0,66;;;34800,0;1,2;41700,0;SEC;PS;20,0;2;;;;;97,3;;C;;;;;
;PE-265-8;Co;;RAFT;[*]C(C)(C)(C#N);[*]SC(=S)SCc1ccccc1;[*]CC[*](C)(C(=O)OC);0,53;[*]CC[*](c1ccccc1);0,47;;;39200,0;1,23;48300,0;SEC;MMA;10,0;3;;;;;99,4;;C;;;;peak very shallow;bad
;PE-265-8;Co;;RAFT;[*]C(C)(C)(C#N);[*]SC(=S)SCc1ccccc1;[*]CC[*](C)(C(=O)OC);0,53;[*]CC[*](c1ccccc1);0,47;;;39200,0;1,23;48300,0;SEC;MMA;20,0;2;;;;;93,9;;C;;;;;
;PE-265-9;Co;;RAFT;[*]C(C)(C)(C#N);[*]SC(=S)SCc1ccccc1;[*]CC[*](C)(C(=O)OC);0,7;[*]CC[*](c1ccccc1);0,3;;;63800,0;1,14;73000,0;SEC;MMA;10,0;3;;;;;106,8;;C;;;;;bad
;PE-265-9;Co;;RAFT;[*]C(C)(C)(C#N);[*]SC(=S)SCc1ccccc1;[*]CC[*](C)(C(=O)OC);0,7;[*]CC[*](c1ccccc1);0,3;;;63800,0;1,14;73000,0;SEC;MMA;20,0;2;;;;;101,9;;C;;;;;
;PE-265-10;Co;;RAFT;[*]C(C)(C)(C#N);[*]SC(=S)SCc1ccccc1;[*]CC[*](C)(C(=O)OC);0,85;[*]CC[*](c1ccccc1);0,15;;;45000,0;1,3;58500,0;SEC;MMA;10,0;3;;;;;85,3;;C;;;;peak very shallow;bad
;PE-265-10;Co;;RAFT;[*]C(C)(C)(C#N);[*]SC(=S)SCc1ccccc1;[*]CC[*](C)(C(=O)OC);0,85;[*]CC[*](c1ccccc1);0,15;;;45000,0;1,3;58500,0;SEC;MMA;20,0;2;;;;;81,3;;C;;;;;
;PE-265-11;Co;;RAFT;[*]C(C)(C)(C#N);[*]SC(=S)SCc1ccccc1;[*]CC[*](C)(C(=O)OC);0,19;[*]CC[*](c1ccccc1);0,81;;;31500,0;1,24;39000,0;SEC;PS;10,0;3;;;;;102,0;;C;;;;;
;PE-265-11;Co;;RAFT;[*]C(C)(C)(C#N);[*]SC(=S)SCc1ccccc1;[*]CC[*](C)(C(=O)OC);0,19;[*]CC[*](c1ccccc1);0,81;;;31500,0;1,24;39000,0;SEC;PS;20,0;2;;;;;104,6;;C;;;;;
;PE-265-12;Co;;RAFT;[*]C(C)(C)(C#N);[*]SC(=S)SCc1ccccc1;[*]CC[*](C)(C(=O)OC);0,33;[*]CC[*](c1ccccc1);0,67;;;38500,0;1,25;48000,0;SEC;PS;10,0;3;;;;;102,2;;C;;;;;
;PE-265-12;Co;;RAFT;[*]C(C)(C)(C#N);[*]SC(=S)SCc1ccccc1;[*]CC[*](C)(C(=O)OC);0,33;[*]CC[*](c1ccccc1);0,67;;;38500,0;1,25;48000,0;SEC;PS;20,0;2;;;;;103,2;;C;;;;;
;PE-265-13;Co;;RAFT;[*]C(C)(C)(C#N);[*]SC(=S)SCc1ccccc1;[*]CC[*](C)(C(=O)OC);0,53;[*]CC[*](c1ccccc1);0,47;;;44000,0;1,26;55500,0;SEC;MMA;10,0;3;;;;;105,1;;C;;;;peak very shallow;bad
;PE-265-13;Co;;RAFT;[*]C(C)(C)(C#N);[*]SC(=S)SCc1ccccc1;[*]CC[*](C)(C(=O)OC);0,53;[*]CC[*](c1ccccc1);0,47;;;44000,0;1,26;55500,0;SEC;MMA;20,0;2;;;;;101,8;;C;;;;;
;PE-265-14;Co;;RAFT;[*]C(C)(C)(C#N);[*]SC(=S)SCc1ccccc1;[*]CC[*](C)(C(=O)OC);0,69;[*]CC[*](c1ccccc1);0,31;;;55000,0;1,25;68800,0;SEC;MMA;10,0;3;;;;;112,0;;C;;;;;
;PE-265-14;Co;;RAFT;[*]C(C)(C)(C#N);[*]SC(=S)SCc1ccccc1;[*]CC[*](C)(C(=O)OC);0,69;[*]CC[*](c1ccccc1);0,31;;;55000,0;1,25;68800,0;SEC;MMA;20,0;2;;;;;113,5;;C;;;;;
;PE-265-15;Co;;RAFT;[*]C(C)(C)(C#N);[*]SC(=S)SCc1ccccc1;[*]CC[*](C)(C(=O)OC);0,84;[*]CC[*](c1ccccc1);0,16;;;51500,0;1,28;65900,0;SEC;MMA;10,0;3;;;;;100,7;;C;;;;;bad
;PE-265-15;Co;;RAFT;[*]C(C)(C)(C#N);[*]SC(=S)SCc1ccccc1;[*]CC[*](C)(C(=O)OC);0,84;[*]CC[*](c1ccccc1);0,16;;;51500,0;1,28;65900,0;SEC;MMA;20,0;2;;;;;95,8;;C;;;;;
;PE-265-16;Co;;RAFT;[*]C(C)(C)(C#N);[*]SC(=S)SCc1ccccc1;[*]CC[*](C)(C(=O)OC);0,12;[*]CC[*](c1ccccc1);0,88;;;26700,0;1,21;32100,0;SEC;PS;10,0;3;;;;;94,2;;C;;;;;
;PE-265-16;Co;;RAFT;[*]C(C)(C)(C#N);[*]SC(=S)SCc1ccccc1;[*]CC[*](C)(C(=O)OC);0,12;[*]CC[*](c1ccccc1);0,88;;;26700,0;1,21;32100,0;SEC;PS;20,0;2;;;;;94,2;;C;;;;;
;PE-265-18;Co;;RAFT;[*]C(C)(C)(C#N);[*]SC(=S)SCc1ccccc1;[*]CC[*](C)(C(=O)OC);0,49;[*]CC[*](c1ccccc1);0,51;;;38600,0;1,25;48100,0;SEC;MMA;10,0;3;;;;;105,4;;C;;;;;
;PE-265-18;Co;;RAFT;[*]C(C)(C)(C#N);[*]SC(=S)SCc1ccccc1;[*]CC[*](C)(C(=O)OC);0,49;[*]CC[*](c1ccccc1);0,51;;;38600,0;1,25;48100,0;SEC;MMA;20,0;2;;;;;105,3;;C;;;;;
;PE-265-19;Co;;RAFT;[*]C(C)(C)(C#N);[*]SC(=S)SCc1ccccc1;[*]CC[*](C)(C(=O)OC);0,77;[*]CC[*](c1ccccc1);0,23;;;67000,0;1,17;78400,0;SEC;MMA;10,0;3;;;;;115,1;;C;;;;;
;PE-265-19;Co;;RAFT;[*]C(C)(C)(C#N);[*]SC(=S)SCc1ccccc1;[*]CC[*](C)(C(=O)OC);0,77;[*]CC[*](c1ccccc1);0,23;;;67000,0;1,17;78400,0;SEC;MMA;20,0;2;;;;;115,0;;C;;;;;
;PE-265-21;Co;;RAFT;[*]C(C)(C)(C#N);[*]SC(=S)SCc1ccccc1;[*]CC[*](C)(C(=O)OC);0,13;[*]CC[*](c1ccccc1);0,87;;;32900,0;1,31;43100,0;SEC;PS;10,0;3;;;;;102,8;;C;;;;;
;PE-265-21;Co;;RAFT;[*]C(C)(C)(C#N);[*]SC(=S)SCc1ccccc1;[*]CC[*](C)(C(=O)OC);0,13;[*]CC[*](c1ccccc1);0,87;;;32900,0;1,31;43100,0;SEC;PS;20,0;2;;;;;104,5;;C;;;;;
;PE-265-22;Co;;RAFT;[*]C(C)(C)(C#N);[*]SC(=S)SCc1ccccc1;[*]CC[*](C)(C(=O)OC);0,26;[*]CC[*](c1ccccc1);0,74;;;39900,0;1,28;51000,0;SEC;PS;10,0;3;;;;;92,0;;C;;;;;
;PE-265-22;Co;;RAFT;[*]C(C)(C)(C#N);[*]SC(=S)SCc1ccccc1;[*]CC[*](C)(C(=O)OC);0,26;[*]CC[*](c1ccccc1);0,74;;;39900,0;1,28;51000,0;SEC;PS;20,0;2;;;;;92,7;;C;;;;;
;PE-265-23;Co;;RAFT;[*]C(C)(C)(C#N);[*]SC(=S)SCc1ccccc1;[*]CC[*](C)(C(=O)OC);0,5;[*]CC[*](c1ccccc1);0,5;;;52900,0;1,28;67900,0;SEC;MMA;10,0;3;;;;;104,7;;C;;;;;
;PE-265-23;Co;;RAFT;[*]C(C)(C)(C#N);[*]SC(=S)SCc1ccccc1;[*]CC[*](C)(C(=O)OC);0,5;[*]CC[*](c1ccccc1);0,5;;;52900,0;1,28;67900,0;SEC;MMA;20,0;2;;;;;104,8;;C;;;;;
;PE-265-24;Co;;RAFT;[*]C(C)(C)(C#N);[*]SC(=S)SCc1ccccc1;[*]CC[*](C)(C(=O)OC);0,76;[*]CC[*](c1ccccc1);0,24;;;72700,0;1,19;86200,0;SEC;MMA;10,0;3;;;;;116,6;;C;;;;;
;PE-265-24;Co;;RAFT;[*]C(C)(C)(C#N);[*]SC(=S)SCc1ccccc1;[*]CC[*](C)(C(=O)OC);0,76;[*]CC[*](c1ccccc1);0,24;;;72700,0;1,19;86200,0;SEC;MMA;20,0;2;;;;;118,5;;C;;;;;
;PE-265-25;Co;;RAFT;[*]C(C)(C)(C#N);[*]SC(=S)SCc1ccccc1;[*]CC[*](C)(C(=O)OC);0,89;[*]CC[*](c1ccccc1);0,11;;;75700,0;1,2;90800,0;SEC;MMA;10,0;3;;;;;99,0;;C;;;;;
;PE-265-25;Co;;RAFT;[*]C(C)(C)(C#N);[*]SC(=S)SCc1ccccc1;[*]CC[*](C)(C(=O)OC);0,89;[*]CC[*](c1ccccc1);0,11;;;75700,0;1,2;90800,0;SEC;MMA;20,0;2;;;;;110,0;;C;;;;;
;PE-270-1;Co;;RAFT;[*]C(C)(C)(C#N);[*]SC(=S)SCc1ccccc1;[*]CC[*](C)(C(=O)OC);0,09;[*]CC[*](c1ccccc1);0,91;;;75700,0;1,2;90800,0;SEC;PS;10,0;3;;;;;97,4;;C;;;;;
;PE-270-1;Co;;RAFT;[*]C(C)(C)(C#N);[*]SC(=S)SCc1ccccc1;[*]CC[*](C)(C(=O)OC);0,09;[*]CC[*](c1ccccc1);0,91;;;75700,0;1,2;90800,0;SEC;PS;20,0;2;;;;;98,5;;C;;;;;
;PE-270-1b;Co;;RAFT;[*]C(C)(C)(C#N);[*]SC(=S)SCc1ccccc1;[*]CC[*](C)(C(=O)OC);0,09;[*]CC[*](c1ccccc1);0,91;;;29300,0;1,15;33600,0;SEC;PS;10,0;3;;;;;101,0;;C;;;;;bad
;PE-270-1b;Co;;RAFT;[*]C(C)(C)(C#N);[*]SC(=S)SCc1ccccc1;[*]CC[*](C)(C(=O)OC);0,09;[*]CC[*](c1ccccc1);0,91;;;29300,0;1,15;33600,0;SEC;PS;20,0;2;;;;;97,0;;C;;;;;
;PE-270-2;Co;;RAFT;[*]C(C)(C)(C#N);[*]SC(=S)SCc1ccccc1;[*]CC[*](C)(C(=O)OC);0,23;[*]CC[*](c1ccccc1);0,77;;;29300,0;1,15;33600,0;SEC;PS;10,0;3;;;;;99,4;;C;;;;;
;PE-270-2;Co;;RAFT;[*]C(C)(C)(C#N);[*]SC(=S)SCc1ccccc1;[*]CC[*](C)(C(=O)OC);0,23;[*]CC[*](c1ccccc1);0,77;;;29300,0;1,15;33600,0;SEC;PS;20,0;2;;;;;101,4;;C;;;;;
;PE-270-2b;Co;;RAFT;[*]C(C)(C)(C#N);[*]SC(=S)SCc1ccccc1;[*]CC[*](C)(C(=O)OC);0,23;[*]CC[*](c1ccccc1);0,77;;;35000,0;1,09;38400,0;SEC;PS;10,0;3;;;;;99,8;;C;;;;;
;PE-270-2b;Co;;RAFT;[*]C(C)(C)(C#N);[*]SC(=S)SCc1ccccc1;[*]CC[*](C)(C(=O)OC);0,23;[*]CC[*](c1ccccc1);0,77;;;35000,0;1,09;38400,0;SEC;PS;20,0;2;;;;;102,1;;C;;;;;
;PE-270-3;Co;;RAFT;[*]C(C)(C)(C#N);[*]SC(=S)SCc1ccccc1;[*]CC[*](C)(C(=O)OC);0,48;[*]CC[*](c1ccccc1);0,52;;;35000,0;1,09;38400,0;SEC;MMA;10,0;3;;;;;101,4;;C;;;;;
;PE-270-3;Co;;RAFT;[*]C(C)(C)(C#N);[*]SC(=S)SCc1ccccc1;[*]CC[*](C)(C(=O)OC);0,48;[*]CC[*](c1ccccc1);0,52;;;35000,0;1,09;38400,0;SEC;MMA;20,0;2;;;;;102,1;;C;;;;;
;PE-270-3b;Co;;RAFT;[*]C(C)(C)(C#N);[*]SC(=S)SCc1ccccc1;[*]CC[*](C)(C(=O)OC);0,48;[*]CC[*](c1ccccc1);0,52;;;38600,0;1,15;44200,0;SEC;MMA;10,0;3;;;;;101,1;;C;;;;;
;PE-270-3b;Co;;RAFT;[*]C(C)(C)(C#N);[*]SC(=S)SCc1ccccc1;[*]CC[*](C)(C(=O)OC);0,48;[*]CC[*](c1ccccc1);0,52;;;38600,0;1,15;44200,0;SEC;MMA;20,0;2;;;;;102,2;;C;;;;;
;PE-270-4;Co;;RAFT;[*]C(C)(C)(C#N);[*]SC(=S)SCc1ccccc1;[*]CC[*](C)(C(=O)OC);0,75;[*]CC[*](c1ccccc1);0,25;;;53800,0;1,12;60200,0;SEC;MMA;10,0;3;;;;;105,5;;C;;;;peak very shallow;bad
;PE-270-4;Co;;RAFT;[*]C(C)(C)(C#N);[*]SC(=S)SCc1ccccc1;[*]CC[*](C)(C(=O)OC);0,75;[*]CC[*](c1ccccc1);0,25;;;53800,0;1,12;60200,0;SEC;MMA;20,0;2;;;;;85,2;;C;;;;;
;PE-270-5;Co;;RAFT;[*]C(C)(C)(C#N);[*]SC(=S)SCc1ccccc1;[*]CC[*](C)(C(=O)OC);0,91;[*]CC[*](c1ccccc1);0,09;;;73300,0;1,13;82700,0;SEC;MMA;10,0;3;;;;;82,8;;C;;;;peak  shallow;
;PE-270-5;Co;;RAFT;[*]C(C)(C)(C#N);[*]SC(=S)SCc1ccccc1;[*]CC[*](C)(C(=O)OC);0,91;[*]CC[*](c1ccccc1);0,09;;;73300,0;1,13;82700,0;SEC;MMA;20,0;2;;;;;82,5;;C;;;;;
;PE-270-6;Co;;RAFT;[*]C(C)(C)(C#N);[*]SC(=S)SCc1ccccc1;[*]CC[*](C)(C(=O)OC);0,1;[*]CC[*](c1ccccc1);0,9;;;47900,0;1,12;53500,0;SEC;PS;10,0;3;;;;;103,6;;C;;;;;
;PE-270-6;Co;;RAFT;[*]C(C)(C)(C#N);[*]SC(=S)SCc1ccccc1;[*]CC[*](C)(C(=O)OC);0,1;[*]CC[*](c1ccccc1);0,9;;;47900,0;1,12;53500,0;SEC;PS;20,0;2;;;;;106,8;;C;;;;;
;PE-270-7;Co;;RAFT;[*]C(C)(C)(C#N);[*]SC(=S)SCc1ccccc1;[*]CC[*](C)(C(=O)OC);0,24;[*]CC[*](c1ccccc1);0,76;;;51200,0;1,11;56800,0;SEC;PS;10,0;3;;;;;103,5;;C;;;;;
;PE-270-7;Co;;RAFT;[*]C(C)(C)(C#N);[*]SC(=S)SCc1ccccc1;[*]CC[*](C)(C(=O)OC);0,24;[*]CC[*](c1ccccc1);0,76;;;51200,0;1,11;56800,0;SEC;PS;20,0;2;;;;;106,9;;C;;;;;
;PE-270-8;Co;;RAFT;[*]C(C)(C)(C#N);[*]SC(=S)SCc1ccccc1;[*]CC[*](C)(C(=O)OC);0,48;[*]CC[*](c1ccccc1);0,52;;;62300,0;1,12;69600,0;SEC;MMA;10,0;3;;;;;95,4;;C;;;;;
;PE-270-8;Co;;RAFT;[*]C(C)(C)(C#N);[*]SC(=S)SCc1ccccc1;[*]CC[*](C)(C(=O)OC);0,48;[*]CC[*](c1ccccc1);0,52;;;62300,0;1,12;69600,0;SEC;MMA;20,0;2;;;;;90,9;;C;;;;;
;PE-270-9;Co;;RAFT;[*]C(C)(C)(C#N);[*]SC(=S)SCc1ccccc1;[*]CC[*](C)(C(=O)OC);0,75;[*]CC[*](c1ccccc1);0,25;;;86600,0;1,11;96100,0;SEC;MMA;10,0;3;;;;;102,4;;C;;;;;
;PE-270-9;Co;;RAFT;[*]C(C)(C)(C#N);[*]SC(=S)SCc1ccccc1;[*]CC[*](C)(C(=O)OC);0,75;[*]CC[*](c1ccccc1);0,25;;;86600,0;1,11;96100,0;SEC;MMA;20,0;2;;;;;105,1;;C;;;;;
;PE-270-10;Co;;RAFT;[*]C(C)(C)(C#N);[*]SC(=S)SCc1ccccc1;[*]CC[*](C)(C(=O)OC);0,9;[*]CC[*](c1ccccc1);0,1;;;108000,0;1,15;123900,0;SEC;MMA;10,0;3;;;;;79,2;;C;;;;peak  shallow;
;PE-270-10;Co;;RAFT;[*]C(C)(C)(C#N);[*]SC(=S)SCc1ccccc1;[*]CC[*](C)(C(=O)OC);0,9;[*]CC[*](c1ccccc1);0,1;;;108000,0;1,15;123900,0;SEC;MMA;20,0;2;;;;;83,9;;C;;;;;
;PE-270-11;Co;;RAFT;[*]C(C)(C)(C#N);[*]SC(=S)SCc1ccccc1;[*]CC[*](C)(C(=O)OC);0,1;[*]CC[*](c1ccccc1);0,9;;;54800,0;1,15;62900,0;SEC;PS;10,0;3;;;;;103,8;;C;;;;;
;PE-270-11;Co;;RAFT;[*]C(C)(C)(C#N);[*]SC(=S)SCc1ccccc1;[*]CC[*](C)(C(=O)OC);0,1;[*]CC[*](c1ccccc1);0,9;;;54800,0;1,15;62900,0;SEC;PS;20,0;2;;;;;105,4;;C;;;;;
;PE-270-12;Co;;RAFT;[*]C(C)(C)(C#N);[*]SC(=S)SCc1ccccc1;[*]CC[*](C)(C(=O)OC);0,23;[*]CC[*](c1ccccc1);0,77;;;60300,0;1,13;68000,0;SEC;PS;10,0;3;;;;;103,9;;C;;;;;
;PE-270-12;Co;;RAFT;[*]C(C)(C)(C#N);[*]SC(=S)SCc1ccccc1;[*]CC[*](C)(C(=O)OC);0,23;[*]CC[*](c1ccccc1);0,77;;;60300,0;1,13;68000,0;SEC;PS;20,0;2;;;;;105,6;;C;;;;;
;PE-270-13;Co;;RAFT;[*]C(C)(C)(C#N);[*]SC(=S)SCc1ccccc1;[*]CC[*](C)(C(=O)OC);0,47;[*]CC[*](c1ccccc1);0,53;;;69700,0;1,15;80200,0;SEC;PS;10,0;3;;;;;104,9;;C;;;;;
;PE-270-13;Co;;RAFT;[*]C(C)(C)(C#N);[*]SC(=S)SCc1ccccc1;[*]CC[*](C)(C(=O)OC);0,47;[*]CC[*](c1ccccc1);0,53;;;69700,0;1,15;80200,0;SEC;PS;20,0;2;;;;;105,9;;C;;;;;
;PE-270-14;Co;;RAFT;[*]C(C)(C)(C#N);[*]SC(=S)SCc1ccccc1;[*]CC[*](C)(C(=O)OC);0,74;[*]CC[*](c1ccccc1);0,26;;;92300,0;1,15;105900,0;SEC;MMA;10,0;3;;;;;86,9;;C;;;;peak very shallow;bad
;PE-270-14;Co;;RAFT;[*]C(C)(C)(C#N);[*]SC(=S)SCc1ccccc1;[*]CC[*](C)(C(=O)OC);0,74;[*]CC[*](c1ccccc1);0,26;;;92300,0;1,15;105900,0;SEC;MMA;20,0;2;;;;;85,1;;C;;;;;
;PE-270-15;Co;;RAFT;[*]C(C)(C)(C#N);[*]SC(=S)SCc1ccccc1;[*]CC[*](C)(C(=O)OC);0,9;[*]CC[*](c1ccccc1);0,1;;;104400,0;1,26;132000,0;SEC;MMA;10,0;3;;;;;86,2;;C;;;;;bad
;PE-270-15;Co;;RAFT;[*]C(C)(C)(C#N);[*]SC(=S)SCc1ccccc1;[*]CC[*](C)(C(=O)OC);0,9;[*]CC[*](c1ccccc1);0,1;;;104400,0;1,26;132000,0;SEC;MMA;20,0;2;;;;;82,5;;C;;;;;
;PE-270-16;Co;;RAFT;[*]C(C)(C)(C#N);[*]SC(=S)SCc1ccccc1;[*]CC[*](C)(C(=O)OC);0,09;[*]CC[*](c1ccccc1);0,91;;;53300,0;1,2;64100,0;SEC;PS;10,0;3;;;;;99,8;;C;;;;;
;PE-270-16;Co;;RAFT;[*]C(C)(C)(C#N);[*]SC(=S)SCc1ccccc1;[*]CC[*](C)(C(=O)OC);0,09;[*]CC[*](c1ccccc1);0,91;;;53300,0;1,2;64100,0;SEC;PS;20,0;2;;;;;101,3;;C;;;;;
;PE-270-17;Co;;RAFT;[*]C(C)(C)(C#N);[*]SC(=S)SCc1ccccc1;[*]CC[*](C)(C(=O)OC);0,24;[*]CC[*](c1ccccc1);0,76;;;64000,0;1,18;75700,0;SEC;PS;10,0;3;;;;;98,8;;C;;;;;
;PE-270-17;Co;;RAFT;[*]C(C)(C)(C#N);[*]SC(=S)SCc1ccccc1;[*]CC[*](C)(C(=O)OC);0,24;[*]CC[*](c1ccccc1);0,76;;;64000,0;1,18;75700,0;SEC;PS;20,0;2;;;;;101,3;;C;;;;;
;PE-270-18;Co;;RAFT;[*]C(C)(C)(C#N);[*]SC(=S)SCc1ccccc1;[*]CC[*](C)(C(=O)OC);0,47;[*]CC[*](c1ccccc1);0,53;;;102000,0;1,15;118000,0;SEC;PS;10,0;3;;;;;104,6;;C;;;;;
;PE-270-18;Co;;RAFT;[*]C(C)(C)(C#N);[*]SC(=S)SCc1ccccc1;[*]CC[*](C)(C(=O)OC);0,47;[*]CC[*](c1ccccc1);0,53;;;102000,0;1,15;118000,0;SEC;PS;20,0;2;;;;;105,7;;C;;;;;
;PE-270-20;Co;;RAFT;[*]C(C)(C)(C#N);[*]SC(=S)SCc1ccccc1;[*]CC[*](C)(C(=O)OC);0,89;[*]CC[*](c1ccccc1);0,11;;;118300,0;1,26;148500,0;SEC;MMA;10,0;3;;;;;95,0;;C;;;;peak very shallow;bad
;PE-270-20;Co;;RAFT;[*]C(C)(C)(C#N);[*]SC(=S)SCc1ccccc1;[*]CC[*](C)(C(=O)OC);0,89;[*]CC[*](c1ccccc1);0,11;;;118300,0;1,26;148500,0;SEC;MMA;20,0;2;;;;;82,6;;C;;;;;
;PE-270-21;Co;;RAFT;[*]C(C)(C)(C#N);[*]SC(=S)SCc1ccccc1;[*]CC[*](C)(C(=O)OC);0,09;[*]CC[*](c1ccccc1);0,91;;;70600,0;1,14;80300,0;SEC;PS;10,0;3;;;;;94,1;;C;;;;;
;PE-270-21;Co;;RAFT;[*]C(C)(C)(C#N);[*]SC(=S)SCc1ccccc1;[*]CC[*](C)(C(=O)OC);0,09;[*]CC[*](c1ccccc1);0,91;;;70600,0;1,14;80300,0;SEC;PS;20,0;2;;;;;93,0;;C;;;;;
;PE-270-22;Co;;RAFT;[*]C(C)(C)(C#N);[*]SC(=S)SCc1ccccc1;[*]CC[*](C)(C(=O)OC);0,21;[*]CC[*](c1ccccc1);0,79;;;69700,0;1,12;78300,0;SEC;PS;10,0;3;;;;;100,4;;C;;;;;
;PE-270-22;Co;;RAFT;[*]C(C)(C)(C#N);[*]SC(=S)SCc1ccccc1;[*]CC[*](C)(C(=O)OC);0,21;[*]CC[*](c1ccccc1);0,79;;;69700,0;1,12;78300,0;SEC;PS;20,0;2;;;;;99,6;;C;;;;;
;PE-270-23;Co;;RAFT;[*]C(C)(C)(C#N);[*]SC(=S)SCc1ccccc1;[*]CC[*](C)(C(=O)OC);0,46;[*]CC[*](c1ccccc1);0,54;;;73300,0;1,11;81400,0;SEC;PS;10,0;3;;;;;100,8;;C;;;;;
;PE-270-23;Co;;RAFT;[*]C(C)(C)(C#N);[*]SC(=S)SCc1ccccc1;[*]CC[*](C)(C(=O)OC);0,46;[*]CC[*](c1ccccc1);0,54;;;73300,0;1,11;81400,0;SEC;PS;20,0;2;;;;;100,6;;C;;;;peak artifact;bad
;PE-270-24;Co;;RAFT;[*]C(C)(C)(C#N);[*]SC(=S)SCc1ccccc1;[*]CC[*](C)(C(=O)OC);0,73;[*]CC[*](c1ccccc1);0,27;;;63500,0;1,22;77300,0;SEC;MMA;10,0;3;;;;;92,2;;C;;;;peak very shallow;bad
;PE-270-24;Co;;RAFT;[*]C(C)(C)(C#N);[*]SC(=S)SCc1ccccc1;[*]CC[*](C)(C(=O)OC);0,73;[*]CC[*](c1ccccc1);0,27;;;63500,0;1,22;77300,0;SEC;MMA;20,0;2;;;;;83,0;;C;;;;;
;PE-270-25;Co;;RAFT;[*]C(C)(C)(C#N);[*]SC(=S)SCc1ccccc1;[*]CC[*](C)(C(=O)OC);0,89;[*]CC[*](c1ccccc1);0,11;;;125300,0;1,19;149500,0;SEC;MMA;10,0;3;;;;;120,6;;C;;;;;
;PE-270-25;Co;;RAFT;[*]C(C)(C)(C#N);[*]SC(=S)SCc1ccccc1;[*]CC[*](C)(C(=O)OC);0,89;[*]CC[*](c1ccccc1);0,11;;;125300,0;1,19;149500,0;SEC;MMA;20,0;2;;;;;122,7;;C;;;;;
;PE-271-1;Co;;RAFT;[*]C(C)(C)(C#N);[*]SC(=S)SCc1ccccc1;[*]CC[*](C)(C(=O)OC);0,09;[*]CC[*](c1ccccc1);0,91;;;20000,0;1,11;22200,0;SEC;PS;10,0;3;;;;;88,7;;C;;;;;
;PE-271-1;Co;;RAFT;[*]C(C)(C)(C#N);[*]SC(=S)SCc1ccccc1;[*]CC[*](C)(C(=O)OC);0,09;[*]CC[*](c1ccccc1);0,91;;;20000,0;1,11;22200,0;SEC;PS;20,0;2;;;;;92,2;;C;;;;;
;PE-271-2;Co;;RAFT;[*]C(C)(C)(C#N);[*]SC(=S)SCc1ccccc1;[*]CC[*](C)(C(=O)OC);0,24;[*]CC[*](c1ccccc1);0,76;;;21600,0;1,13;24400,0;SEC;PS;10,0;3;;;;;92,0;;C;;;;;
;PE-271-2;Co;;RAFT;[*]C(C)(C)(C#N);[*]SC(=S)SCc1ccccc1;[*]CC[*](C)(C(=O)OC);0,24;[*]CC[*](c1ccccc1);0,76;;;21600,0;1,13;24400,0;SEC;PS;20,0;2;;;;;92,2;;C;;;;;
;PE-271-3;Co;;RAFT;[*]C(C)(C)(C#N);[*]SC(=S)SCc1ccccc1;[*]CC[*](C)(C(=O)OC);0,48;[*]CC[*](c1ccccc1);0,52;;;27600,0;1,2;33300,0;SEC;MMA;10,0;3;;;;;92,3;;C;;;;;
;PE-271-3;Co;;RAFT;[*]C(C)(C)(C#N);[*]SC(=S)SCc1ccccc1;[*]CC[*](C)(C(=O)OC);0,48;[*]CC[*](c1ccccc1);0,52;;;27600,0;1,2;33300,0;SEC;MMA;20,0;2;;;;;92,6;;C;;;;;
;PE-271-4;Co;;RAFT;[*]C(C)(C)(C#N);[*]SC(=S)SCc1ccccc1;[*]CC[*](C)(C(=O)OC);0,75;[*]CC[*](c1ccccc1);0,25;;;39200,0;1,18;46100,0;SEC;MMA;10,0;3;;;;;98,0;;C;;;;;
;PE-271-4;Co;;RAFT;[*]C(C)(C)(C#N);[*]SC(=S)SCc1ccccc1;[*]CC[*](C)(C(=O)OC);0,75;[*]CC[*](c1ccccc1);0,25;;;39200,0;1,18;46100,0;SEC;MMA;20,0;2;;;;;92,4;;C;;;;;
;PE-271-5;Co;;RAFT;[*]C(C)(C)(C#N);[*]SC(=S)SCc1ccccc1;[*]CC[*](C)(C(=O)OC);0,91;[*]CC[*](c1ccccc1);0,09;;;36000,0;1,26;45500,0;SEC;MMA;10,0;3;;;;;90,4;;C;;;;peak very shallow;bad
;PE-271-5;Co;;RAFT;[*]C(C)(C)(C#N);[*]SC(=S)SCc1ccccc1;[*]CC[*](C)(C(=O)OC);0,91;[*]CC[*](c1ccccc1);0,09;;;36000,0;1,26;45500,0;SEC;MMA;20,0;2;;;;;82,8;;C;;;;;
;PE-271-6;Co;;RAFT;[*]C(C)(C)(C#N);[*]SC(=S)SCc1ccccc1;[*]CC[*](C)(C(=O)OC);0,48;[*]CC[*](c1ccccc1);0,52;;;49500,0;1,2;59300,0;SEC;MMA;10,0;3;;;;;97,0;;C;;;;peak very shallow;bad
;PE-271-6;Co;;RAFT;[*]C(C)(C)(C#N);[*]SC(=S)SCc1ccccc1;[*]CC[*](C)(C(=O)OC);0,48;[*]CC[*](c1ccccc1);0,52;;;49500,0;1,2;59300,0;SEC;MMA;20,0;2;;;;;93,9;;C;;;;;
;PE-271-7;Co;;RAFT;[*]C(C)(C)(C#N);[*]SC(=S)SCc1ccccc1;[*]CC[*](C)(C(=O)OC);0,75;[*]CC[*](c1ccccc1);0,25;;;73200,0;1,13;82700,0;SEC;MMA;10,0;3;;;;;71,1;;C;;;;peak shallow;
;PE-271-7;Co;;RAFT;[*]C(C)(C)(C#N);[*]SC(=S)SCc1ccccc1;[*]CC[*](C)(C(=O)OC);0,75;[*]CC[*](c1ccccc1);0,25;;;73200,0;1,13;82700,0;SEC;MMA;20,0;2;;;;;82,7;;C;;;;;
;PE-271-8;Co;;RAFT;[*]C(C)(C)(C#N);[*]SC(=S)SCc1ccccc1;[*]CC[*](C)(C(=O)OC);0,91;[*]CC[*](c1ccccc1);0,09;;;46900,0;1,26;59000,0;SEC;MMA;10,0;3;;;;;81,8;;C;;;;peak shallow;
;PE-271-8;Co;;RAFT;[*]C(C)(C)(C#N);[*]SC(=S)SCc1ccccc1;[*]CC[*](C)(C(=O)OC);0,91;[*]CC[*](c1ccccc1);0,09;;;46900,0;1,26;59000,0;SEC;MMA;20,0;2;;;;;83,1;;C;;;;;
;PE-271-9;Co;;RAFT;[*]C(C)(C)(C#N);[*]SC(=S)SCc1ccccc1;[*]CC[*](C)(C(=O)OC);0,11;[*]CC[*](c1ccccc1);0,89;;;26100,0;1,12;29200,0;SEC;PS;10,0;3;;;;;99,0;;C;;;;;
;PE-271-9;Co;;RAFT;[*]C(C)(C)(C#N);[*]SC(=S)SCc1ccccc1;[*]CC[*](C)(C(=O)OC);0,11;[*]CC[*](c1ccccc1);0,89;;;26100,0;1,12;29200,0;SEC;PS;20,0;2;;;;;99,4;;C;;;;;
;PE-271-11;Co;;RAFT;[*]C(C)(C)(C#N);[*]SC(=S)SCc1ccccc1;[*]CC[*](C)(C(=O)OC);0,48;[*]CC[*](c1ccccc1);0,52;;;26000,0;1,24;32200,0;SEC;MMA;10,0;3;;;;;100,9;;C;;;;;
;PE-271-11;Co;;RAFT;[*]C(C)(C)(C#N);[*]SC(=S)SCc1ccccc1;[*]CC[*](C)(C(=O)OC);0,48;[*]CC[*](c1ccccc1);0,52;;;26000,0;1,24;32200,0;SEC;MMA;20,0;2;;;;;99,4;;C;;;;;
;PE-271-12;Co;;RAFT;[*]C(C)(C)(C#N);[*]SC(=S)SCc1ccccc1;[*]CC[*](C)(C(=O)OC);0,75;[*]CC[*](c1ccccc1);0,25;;;49900,0;1,14;57000,0;SEC;MMA;10,0;3;;;;;110,5;;C;;;;analysis weird;bad
;PE-271-12;Co;;RAFT;[*]C(C)(C)(C#N);[*]SC(=S)SCc1ccccc1;[*]CC[*](C)(C(=O)OC);0,75;[*]CC[*](c1ccccc1);0,25;;;49900,0;1,14;57000,0;SEC;MMA;20,0;2;;;;;102,2;;C;;;;;
;PE-271-13;Co;;RAFT;[*]C(C)(C)(C#N);[*]SC(=S)SCc1ccccc1;[*]CC[*](C)(C(=O)OC);0,91;[*]CC[*](c1ccccc1);0,09;;;28500,0;1,52;43200,0;SEC;MMA;10,0;3;;;;;;;C;;;;no tg;
;PE-271-13;Co;;RAFT;[*]C(C)(C)(C#N);[*]SC(=S)SCc1ccccc1;[*]CC[*](C)(C(=O)OC);0,91;[*]CC[*](c1ccccc1);0,09;;;28500,0;1,52;43200,0;SEC;MMA;20,0;2;;;;;;;C;;;;no tg;
;PE-271-14;Co;;RAFT;[*]C(C)(C)(C#N);[*]SC(=S)SCc1ccccc1;[*]CC[*](C)(C(=O)OC);0,48;[*]CC[*](c1ccccc1);0,52;;;54800,0;1,14;62500,0;SEC;MMA;10,0;3;;;;;100,3;;C;;;;;
;PE-271-14;Co;;RAFT;[*]C(C)(C)(C#N);[*]SC(=S)SCc1ccccc1;[*]CC[*](C)(C(=O)OC);0,48;[*]CC[*](c1ccccc1);0,52;;;54800,0;1,14;62500,0;SEC;MMA;20,0;2;;;;;100,0;;C;;;;;
;PE-271-15;Co;;RAFT;[*]C(C)(C)(C#N);[*]SC(=S)SCc1ccccc1;[*]CC[*](C)(C(=O)OC);0,74;[*]CC[*](c1ccccc1);0,26;;;69500,0;1,11;77300,0;SEC;MMA;10,0;3;;;;;94,3;;C;;;;;
;PE-271-15;Co;;RAFT;[*]C(C)(C)(C#N);[*]SC(=S)SCc1ccccc1;[*]CC[*](C)(C(=O)OC);0,74;[*]CC[*](c1ccccc1);0,26;;;69500,0;1,11;77300,0;SEC;MMA;20,0;2;;;;;94,2;;C;;;;;
;PE-271-16;Co;;RAFT;[*]C(C)(C)(C#N);[*]SC(=S)SCc1ccccc1;[*]CC[*](C)(C(=O)OC);0,92;[*]CC[*](c1ccccc1);0,08;;;23000,0;1,34;31000,0;SEC;MMA;10,0;3;;;;;109,3;;C;;;;;
;PE-271-16;Co;;RAFT;[*]C(C)(C)(C#N);[*]SC(=S)SCc1ccccc1;[*]CC[*](C)(C(=O)OC);0,92;[*]CC[*](c1ccccc1);0,08;;;23000,0;1,34;31000,0;SEC;MMA;20,0;2;;;;;100,7;;C;;;;artifact;bad
;PE-272-1b;Co;;RAFT;[*]C(C)(C)(C#N);[*]SC(=S)SCc1ccccc1;[*]CC[*](C)(C(=O)OC);0,1;[*]CC[*](c1ccccc1);0,9;;;25900,0;1,11;28900,0;SEC;PS;10,0;3;;;;;99,5;;C;;;;;
;PE-272-1b;Co;;RAFT;[*]C(C)(C)(C#N);[*]SC(=S)SCc1ccccc1;[*]CC[*](C)(C(=O)OC);0,1;[*]CC[*](c1ccccc1);0,9;;;25900,0;1,11;28900,0;SEC;PS;20,0;2;;;;;95,6;;C;;;;analysis should be smoothed;bad
;PE-272-2b;Co;;RAFT;[*]C(C)(C)(C#N);[*]SC(=S)SCc1ccccc1;[*]CC[*](C)(C(=O)OC);0,75;[*]CC[*](c1ccccc1);0,25;;;29300,0;1,4;41100,0;SEC;MMA;10,0;3;;;;;103,1;;C;;;;peak shallow;
;PE-272-2b;Co;;RAFT;[*]C(C)(C)(C#N);[*]SC(=S)SCc1ccccc1;[*]CC[*](C)(C(=O)OC);0,75;[*]CC[*](c1ccccc1);0,25;;;29300,0;1,4;41100,0;SEC;MMA;20,0;2;;;;;97,2;;C;;;;;
;PE-272-3b;Co;;RAFT;[*]C(C)(C)(C#N);[*]SC(=S)SCc1ccccc1;[*]CC[*](C)(C(=O)OC);0,9;[*]CC[*](c1ccccc1);0,1;;;42200,0;1,24;52300,0;SEC;MMA;10,0;3;;;;;104,3;;C;;;;peak very shallow ;bad
;PE-272-3b;Co;;RAFT;[*]C(C)(C)(C#N);[*]SC(=S)SCc1ccccc1;[*]CC[*](C)(C(=O)OC);0,9;[*]CC[*](c1ccccc1);0,1;;;42200,0;1,24;52300,0;SEC;MMA;20,0;2;;;;;100,6;;C;;;;;
;PE-272-4b;Co;;RAFT;[*]C(C)(C)(C#N);[*]SC(=S)SCc1ccccc1;[*]CC[*](C)(C(=O)OC);0,09;[*]CC[*](c1ccccc1);0,91;;;29300,0;1,23;36100,0;SEC;PS;10,0;3;;;;;95,3;;C;;;;;
;PE-272-4b;Co;;RAFT;[*]C(C)(C)(C#N);[*]SC(=S)SCc1ccccc1;[*]CC[*](C)(C(=O)OC);0,09;[*]CC[*](c1ccccc1);0,91;;;29300,0;1,23;36100,0;SEC;PS;20,0;2;;;;;94,5;;C;;;;;
;PE-272-5b;Co;;RAFT;[*]C(C)(C)(C#N);[*]SC(=S)SCc1ccccc1;[*]CC[*](C)(C(=O)OC);0,24;[*]CC[*](c1ccccc1);0,76;;;15000,0;1,71;25700,0;SEC;PS;10,0;3;;;;;92,5;;C;;;;;
;PE-272-5b;Co;;RAFT;[*]C(C)(C)(C#N);[*]SC(=S)SCc1ccccc1;[*]CC[*](C)(C(=O)OC);0,24;[*]CC[*](c1ccccc1);0,76;;;15000,0;1,71;25700,0;SEC;PS;20,0;2;;;;;96,1;;C;;;;;
;PE-272-6b;Co;;RAFT;[*]C(C)(C)(C#N);[*]SC(=S)SCc1ccccc1;[*]CC[*](C)(C(=O)OC);0,48;[*]CC[*](c1ccccc1);0,52;;;27100,0;1,23;33400,0;SEC;MMA;10,0;3;;;;;92,3;;C;;;;;
;PE-272-6b;Co;;RAFT;[*]C(C)(C)(C#N);[*]SC(=S)SCc1ccccc1;[*]CC[*](C)(C(=O)OC);0,48;[*]CC[*](c1ccccc1);0,52;;;27100,0;1,23;33400,0;SEC;MMA;20,0;2;;;;;93,3;;C;;;;;
;PE-272-7b;Co;;RAFT;[*]C(C)(C)(C#N);[*]SC(=S)SCc1ccccc1;[*]CC[*](C)(C(=O)OC);0,75;[*]CC[*](c1ccccc1);0,25;;;52200,0;1,16;60500,0;SEC;MMA;10,0;3;;;;;111,6;;C;;;;peak shallow;
;PE-272-7b;Co;;RAFT;[*]C(C)(C)(C#N);[*]SC(=S)SCc1ccccc1;[*]CC[*](C)(C(=O)OC);0,75;[*]CC[*](c1ccccc1);0,25;;;52200,0;1,16;60500,0;SEC;MMA;20,0;2;;;;;107,4;;C;;;;;
;PE-272-8b;Co;;RAFT;[*]C(C)(C)(C#N);[*]SC(=S)SCc1ccccc1;[*]CC[*](C)(C(=O)OC);0,48;[*]CC[*](c1ccccc1);0,52;;;25300,0;1,51;38300,0;SEC;MMA;10,0;3;;;;;97,0;;C;;;;;
;PE-272-8b;Co;;RAFT;[*]C(C)(C)(C#N);[*]SC(=S)SCc1ccccc1;[*]CC[*](C)(C(=O)OC);0,48;[*]CC[*](c1ccccc1);0,52;;;25300,0;1,51;38300,0;SEC;MMA;20,0;2;;;;;95,2;;C;;;;;
;PE-272-9b;Co;;RAFT;[*]C(C)(C)(C#N);[*]SC(=S)SCc1ccccc1;[*]CC[*](C)(C(=O)OC);0,1;[*]CC[*](c1ccccc1);0,9;;;34900,0;1,17;40800,0;SEC;PS;10,0;3;;;;;93,4;;C;;;;;
;PE-272-9b;Co;;RAFT;[*]C(C)(C)(C#N);[*]SC(=S)SCc1ccccc1;[*]CC[*](C)(C(=O)OC);0,1;[*]CC[*](c1ccccc1);0,9;;;34900,0;1,17;40800,0;SEC;PS;20,0;2;;;;;93,5;;C;;;;;
;PE-272-10b;Co;;RAFT;[*]C(C)(C)(C#N);[*]SC(=S)SCc1ccccc1;[*]CC[*](C)(C(=O)OC);0,24;[*]CC[*](c1ccccc1);0,76;;;34600,0;1,21;41800,0;SEC;PS;10,0;3;;;;;94,9;;C;;;;;
;PE-272-10b;Co;;RAFT;[*]C(C)(C)(C#N);[*]SC(=S)SCc1ccccc1;[*]CC[*](C)(C(=O)OC);0,24;[*]CC[*](c1ccccc1);0,76;;;34600,0;1,21;41800,0;SEC;PS;20,0;2;;;;;94,8;;C;;;;;
;PE-272-11b;Co;;RAFT;[*]C(C)(C)(C#N);[*]SC(=S)SCc1ccccc1;[*]CC[*](C)(C(=O)OC);0,23;[*]CC[*](c1ccccc1);0,77;;;18100,0;1,15;20800,0;SEC;PS;10,0;3;;;;;83,0;;C;;;;;
;PE-272-11b;Co;;RAFT;[*]C(C)(C)(C#N);[*]SC(=S)SCc1ccccc1;[*]CC[*](C)(C(=O)OC);0,23;[*]CC[*](c1ccccc1);0,77;;;18100,0;1,15;20800,0;SEC;PS;20,0;2;;;;;80,9;;C;;;;;
;PE-272-12b;Co;;RAFT;[*]C(C)(C)(C#N);[*]SC(=S)SCc1ccccc1;[*]CC[*](C)(C(=O)OC);0,48;[*]CC[*](c1ccccc1);0,52;;;17200,0;1,28;22100,0;SEC;MMA;10,0;3;;;;;86,7;;C;;;;;
;PE-272-12b;Co;;RAFT;[*]C(C)(C)(C#N);[*]SC(=S)SCc1ccccc1;[*]CC[*](C)(C(=O)OC);0,48;[*]CC[*](c1ccccc1);0,52;;;17200,0;1,28;22100,0;SEC;MMA;20,0;2;;;;;84,6;;C;;;;;
;PE-272-13b;Co;;RAFT;[*]C(C)(C)(C#N);[*]SC(=S)SCc1ccccc1;[*]CC[*](C)(C(=O)OC);0,76;[*]CC[*](c1ccccc1);0,24;;;10900,0;1,5;16400,0;SEC;MMA;10,0;3;;;;;109,9;;C;;;;peak shallow;
;PE-272-13b;Co;;RAFT;[*]C(C)(C)(C#N);[*]SC(=S)SCc1ccccc1;[*]CC[*](C)(C(=O)OC);0,76;[*]CC[*](c1ccccc1);0,24;;;10900,0;1,5;16400,0;SEC;MMA;20,0;2;;;;;106,3;;C;;;;;
;PE-272-14b;Co;;RAFT;[*]C(C)(C)(C#N);[*]SC(=S)SCc1ccccc1;[*]CC[*](C)(C(=O)OC);0,92;[*]CC[*](c1ccccc1);0,08;;;15400,0;1,63;25100,0;SEC;MMA;10,0;3;;;;;110,5;;C;;;;;
;PE-272-14b;Co;;RAFT;[*]C(C)(C)(C#N);[*]SC(=S)SCc1ccccc1;[*]CC[*](C)(C(=O)OC);0,92;[*]CC[*](c1ccccc1);0,08;;;15400,0;1,63;25100,0;SEC;MMA;20,0;2;;;;;106,4;;C;;;;;
;PE-272-15b;Co;;RAFT;[*]C(C)(C)(C#N);[*]SC(=S)SCc1ccccc1;[*]CC[*](C)(C(=O)OC);0,89;[*]CC[*](c1ccccc1);0,11;;;9100,0;2,65;24000,0;SEC;MMA;10,0;3;;;;;108,2;;C;;;;analysis should be smoothed;bad
;PE-272-15b;Co;;RAFT;[*]C(C)(C)(C#N);[*]SC(=S)SCc1ccccc1;[*]CC[*](C)(C(=O)OC);0,89;[*]CC[*](c1ccccc1);0,11;;;9100,0;2,65;24000,0;SEC;MMA;20,0;2;;;;;99,0;;C;;;;;
;PE-272-16b;Co;;RAFT;[*]C(C)(C)(C#N);[*]SC(=S)SCc1ccccc1;[*]CC[*](C)(C(=O)OC);0,48;[*]CC[*](c1ccccc1);0,52;;;14400,0;1,86;26900,0;SEC;MMA;10,0;3;;;;;93,3;;C;;;;;
;PE-272-16b;Co;;RAFT;[*]C(C)(C)(C#N);[*]SC(=S)SCc1ccccc1;[*]CC[*](C)(C(=O)OC);0,48;[*]CC[*](c1ccccc1);0,52;;;14400,0;1,86;26900,0;SEC;MMA;20,0;2;;;;;92,9;;C;;;;;
10.1039/C9PY00875F;P1 - PLLA;Homo;;ROP;c1ccccc1CO;[*];[*]C(=O)C(C)OC(=O)C(C)O[*];1,0;;;;;16000,0;1,06;;SEC;PS;10,0;3;;;;;56,0;;C;;;;Julien Alex;
10.1039/C9PY00875F;P2 - PDLA;Homo;;ROP;c1ccccc1CO;[*];[*]C(=O)C(C)OC(=O)C(C)O[*];1,0;;;;;19000,0;1,06;;SEC;PS;10,0;3;;;;;55,0;;C;;;;;
10.1039/C9PY00875F;P3 - PETGly;Homo;;ROP;c1ccccc1CO;[*];[*]C(=O)COC(=O)C(CC)O[*];1,0;;;;;12000,0;1,19;;SEC;PS;10,0;3;;;;;29,0;;C;;;;;
10.1039/C9PY00875F;P4 - LLa-EtGly;Co;random;ROP;c1ccccc1CO;[*];[*]C(=O)C(C)OC(=O)C(C)O[*];0,95;[*]C(=O)COC(=O)C(CC)O[*];0,05;;;16000,0;1,11;;SEC;PS;10,0;3;;;;;53,0;;C;;;;;
10.1039/C9PY00875F;P5 - LLa-EtGly;Co;random;ROP;c1ccccc1CO;[*];[*]C(=O)C(C)OC(=O)C(C)O[*];0,89;[*]C(=O)COC(=O)C(CC)O[*];0,11;;;13000,0;1,2;;SEC;PS;10,0;3;;;;;52,0;;C;;;;;
10.1039/C9PY00875F;P6 - LLa-EtGly;Co;random;ROP;c1ccccc1CO;[*];[*]C(=O)C(C)OC(=O)C(C)O[*];0,78;[*]C(=O)COC(=O)C(CC)O[*];0,22;;;12000,0;1,23;;SEC;PS;10,0;3;;;;;48,0;;C;;;;;
10.1039/C9PY00875F;P7 - DLa-EtGly;Co;random;ROP;c1ccccc1CO;[*];[*]C(=O)C(C)OC(=O)C(C)O[*];0,96;[*]C(=O)COC(=O)C(CC)O[*];0,04;;;19000,0;1,1;;SEC;PS;10,0;3;;;;;53,0;;C;;;;;
10.1039/C9PY00875F;P8 - DLa-EtGly;Co;random;ROP;c1ccccc1CO;[*];[*]C(=O)C(C)OC(=O)C(C)O[*];0,91;[*]C(=O)COC(=O)C(CC)O[*];0,09;;;18000,0;1,21;;SEC;PS;10,0;3;;;;;51,0;;C;;;;;
10.1039/C9PY00875F;P9 - DLa-EtGly;Co;random;ROP;c1ccccc1CO;[*];[*]C(=O)C(C)OC(=O)C(C)O[*];0,78;[*]C(=O)COC(=O)C(CC)O[*];0,22;;;15000,0;1,28;;SEC;PS;10,0;3;;;;;48,0;;C;;;;;
